#
# There is insufficient memory for the Java Runtime Environment to continue.
# Native memory allocation (mmap) failed to map 1048576 bytes. Error detail: committing reserved memory.
# Possible reasons:
#   The system is out of physical RAM or swap space
#   This process has exceeded the maximum number of memory mappings (check below
#     for `/proc/sys/vm/max_map_count` and `Total number of mappings`)
#   This process is running with CompressedOops enabled, and the Java Heap may be blocking the growth of the native heap
# Possible solutions:
#   Reduce memory load on the system
#   Increase physical memory or swap space
#   Check if swap backing store is full
#   Decrease Java heap size (-Xmx/-Xms)
#   Decrease number of Java threads
#   Decrease Java thread stack sizes (-Xss)
#   Set larger code cache with -XX:ReservedCodeCacheSize=
#   JVM is running with Unscaled Compressed Oops mode in which the Java heap is
#     placed in the first 4GB address space. The Java Heap base address is the
#     maximum limit for the native heap growth. Please use -XX:HeapBaseMinAddress
#     to set the Java Heap base and to place the Java Heap above 4GB virtual address.
# This output file may be truncated or incomplete.
#
#  Out of Memory Error (os_linux.cpp:2969), pid=1890808, tid=1890847
#
# JRE version: OpenJDK Runtime Environment (25.0.2) (build 25.0.2+-15348964-b329.117)
# Java VM: OpenJDK 64-Bit Server VM (25.0.2+-15348964-b329.117, mixed mode, tiered, compressed oops, compressed class ptrs, g1 gc, linux-amd64)
# Core dump will be written. Default location: Core dumps may be processed with "/usr/lib/systemd/systemd-coredump %P %u %g %s %t %c %h %d %F" (or dumping to /home/thecoder/development/picshare-app/core.1890808)
#

---------------  S U M M A R Y ------------

Command Line: --add-opens=java.base/java.lang=ALL-UNNAMED --add-opens=java.base/java.lang.invoke=ALL-UNNAMED --add-opens=java.base/java.util=ALL-UNNAMED --add-opens=java.prefs/java.util.prefs=ALL-UNNAMED --add-exports=jdk.compiler/com.sun.tools.javac.api=ALL-UNNAMED --add-exports=jdk.compiler/com.sun.tools.javac.util=ALL-UNNAMED --add-opens=java.base/java.nio.charset=ALL-UNNAMED --add-opens=java.base/java.net=ALL-UNNAMED --add-opens=java.base/java.util.concurrent=ALL-UNNAMED --add-opens=java.base/java.util.concurrent.atomic=ALL-UNNAMED --add-opens=java.xml/javax.xml.namespace=ALL-UNNAMED --add-opens=java.base/java.time=ALL-UNNAMED --enable-native-access=ALL-UNNAMED -Xmx2048m -Dfile.encoding=UTF-8 -Duser.country=GB -Duser.language=en -Duser.variant -javaagent:/home/thecoder/.gradle/wrapper/dists/gradle-9.5.0-bin/bvnork1r7n8i6kp5cnkibsc9q/gradle-9.5.0/lib/agents/gradle-instrumentation-agent-9.5.0.jar -Dawt.toolkit.name=XToolkit org.gradle.launcher.daemon.bootstrap.GradleDaemon 9.5.0

Host: AMD Ryzen 5 5500U with Radeon Graphics, 12 cores, 7G, Fedora release 42 (Adams)
Time: Mon Aug  3 16:40:47 2026 CEST elapsed time: 202.459938 seconds (0d 0h 3m 22s)

---------------  T H R E A D  ---------------

Current thread (0x00007f65d0011320):  WorkerThread "GC Thread#9"    [id=1890847, stack(0x00007f65b97fc000,0x00007f65b98fc000) (1024K)]

Stack: [0x00007f65b97fc000,0x00007f65b98fc000],  sp=0x00007f65b98fa460,  free space=1017k
Native frames: (J=compiled Java code, j=interpreted, Vv=VM code, C=native code)
V  [libjvm.so+0x1357f2e]  VMError::report(outputStream*, bool)+0xaae  (os_linux.cpp:2969)
V  [libjvm.so+0x135cae5]  VMError::report_and_die(int, char const*, char const*, __va_list_tag*, Thread*, unsigned char*, void const*, void const*, char const*, int, unsigned long)+0x565
V  [libjvm.so+0x135d2fa]
V  [libjvm.so+0xa092eb]
V  [libjvm.so+0x1036fc2]  os::Linux::commit_memory_impl(char*, unsigned long, bool)+0x132
V  [libjvm.so+0x10371b4]  os::pd_commit_memory_or_exit(char*, unsigned long, unsigned long, bool, char const*)+0x24
V  [libjvm.so+0x10307d8]  os::commit_memory_or_exit(char*, unsigned long, unsigned long, bool, char const*)+0x18
V  [libjvm.so+0xb44dcc]  G1PageBasedVirtualSpace::commit_internal(unsigned long, unsigned long)+0x6c
V  [libjvm.so+0xb44fc6]  G1PageBasedVirtualSpace::commit(unsigned long, unsigned long)+0x136
V  [libjvm.so+0xb5106e]  G1RegionsLargerThanCommitSizeMapper::commit_regions(unsigned int, unsigned long, WorkerThreads*)+0xbe
V  [libjvm.so+0xb365b3]  G1HeapRegionManager::commit_regions(unsigned int, unsigned long, WorkerThreads*)+0x53
V  [libjvm.so+0xb36430]  G1HeapRegionManager::expand(unsigned int, unsigned int, WorkerThreads*)+0x20
V  [libjvm.so+0xb3637a]  G1HeapRegionManager::expand_exact(unsigned int, unsigned int, WorkerThreads*)+0x17a
V  [libjvm.so+0xb36f71]  G1HeapRegionManager::expand_on_preferred_node(unsigned int)+0x91
V  [libjvm.so+0xaf0843]  G1CollectedHeap::new_region(unsigned long, G1HeapRegionType, bool, unsigned int)+0x73
V  [libjvm.so+0xaf8e58]  G1CollectedHeap::new_gc_alloc_region(unsigned long, G1HeapRegionAttr, unsigned int)+0x78
V  [libjvm.so+0xade193]  G1AllocRegion::new_alloc_region_and_allocate(unsigned long)+0x13
V  [libjvm.so+0xae1f92]  G1Allocator::survivor_attempt_allocation(unsigned int, unsigned long, unsigned long, unsigned long*)+0x112
V  [libjvm.so+0xae263d]  G1PLABAllocator::allocate_direct_or_new_plab(G1HeapRegionAttr, unsigned long, bool*, unsigned int)+0x16d
V  [libjvm.so+0xb47593]  G1ParScanThreadState::allocate_copy_slow(G1HeapRegionAttr*, Klass*, unsigned long, unsigned int, unsigned int)+0x63
V  [libjvm.so+0xb49174]  void G1ParScanThreadState::do_oop_evac<narrowOop>(narrowOop*)+0x304
V  [libjvm.so+0xb4595e]  G1ParScanThreadState::trim_queue_to_threshold(unsigned int)+0xae
V  [libjvm.so+0xb70253]  G1ParEvacuateFollowersClosure::do_void()+0x53
V  [libjvm.so+0xb70142]  G1EvacuateRegionsTask::evacuate_live_objects(G1ParScanThreadState*, unsigned int)+0x82
V  [libjvm.so+0xb6ff79]  G1EvacuateRegionsBaseTask::work(unsigned int)+0xc9
V  [libjvm.so+0x13aa5e4]  WorkerThread::run()+0x84
V  [libjvm.so+0x12dc96e]  Thread::call_run()+0xae
V  [libjvm.so+0x1033b45]  thread_native_entry(Thread*)+0x115
C  [libc.so.6+0x71f34]  start_thread+0x2e4

---------------  P R O C E S S  ---------------

Threads class SMR info:
_java_thread_list=0x00007f65b4009080, length=92, elements={
0x00007f660002e210, 0x00007f6600162290, 0x00007f660017f270, 0x00007f6600180910,
0x00007f6600182340, 0x00007f6600183ba0, 0x00007f6600185350, 0x00007f6600186d50,
0x00007f6600188670, 0x00007f66002c47b0, 0x00007f6601ae1940, 0x00007f6601b4a8c0,
0x00007f6601b50f90, 0x00007f65641670c0, 0x00007f656416c910, 0x00007f656419c400,
0x00007f656495b290, 0x00007f6564964d00, 0x00007f656497dc50, 0x00007f656497ea20,
0x00007f656497fdc0, 0x00007f6564981140, 0x00007f6564982390, 0x00007f6564983860,
0x00007f6564984cd0, 0x00007f6564986140, 0x00007f65649875a0, 0x00007f6564988b30,
0x00007f656498a0d0, 0x00007f656498b670, 0x00007f6564ac9a80, 0x00007f6565b973a0,
0x00007f65658b49f0, 0x00007f65658b5880, 0x00007f6494004470, 0x00007f65671365f0,
0x00007f6580012080, 0x00007f6578007e90, 0x00007f6578009cb0, 0x00007f6578003100,
0x00007f649c034270, 0x00007f649c034b20, 0x00007f649c049b10, 0x00007f649c0700e0,
0x00007f649c070b00, 0x00007f649c0e0520, 0x00007f649c21e6d0, 0x00007f649c222cd0,
0x00007f649c221ae0, 0x00007f649c224200, 0x00007f649c224fc0, 0x00007f649c226010,
0x00007f649c227060, 0x00007f649c22a520, 0x00007f649c22b980, 0x00007f649c22c9f0,
0x00007f649c22df70, 0x00007f649c22f320, 0x00007f649c2308b0, 0x00007f649c2206b0,
0x00007f649c2a1f70, 0x00007f649c2f3350, 0x00007f649c3efeb0, 0x00007f649c4979f0,
0x00007f64e8002720, 0x00007f64e8004b20, 0x00007f64e80060d0, 0x00007f649c50dc20,
0x00007f64e4002170, 0x00007f64e4002a20, 0x00007f64e4003530, 0x00007f64e4027750,
0x00007f64e4028d10, 0x00007f64e404fde0, 0x00007f64e4050c80, 0x00007f64e40522a0,
0x00007f64e40538c0, 0x00007f64e4054ef0, 0x00007f64e40566a0, 0x00007f64c4000cc0,
0x00007f64e4064d30, 0x00007f64c402a870, 0x00007f6464002780, 0x00007f64bc00bcc0,
0x00007f6464008180, 0x00007f6530007d10, 0x00007f64c4031400, 0x00007f6464025d40,
0x00007f64bc04d990, 0x00007f64c4051d00, 0x00007f6584074540, 0x00007f6584079700
}

Java Threads: ( => current thread )
  0x00007f660002e210 JavaThread "main"                              [_thread_blocked, id=1890811, stack(0x00007f6606300000,0x00007f6606400000) (1024K)]
  0x00007f6600162290 JavaThread "Common-Cleaner"             daemon [_thread_blocked, id=1890819, stack(0x00007f65e94e3000,0x00007f65e95e3000) (1024K)]
  0x00007f660017f270 JavaThread "Reference Handler"          daemon [_thread_blocked, id=1890820, stack(0x00007f65e93e3000,0x00007f65e94e3000) (1024K)]
  0x00007f6600180910 JavaThread "Finalizer"                  daemon [_thread_blocked, id=1890821, stack(0x00007f65e92e3000,0x00007f65e93e3000) (1024K)]
  0x00007f6600182340 JavaThread "Signal Dispatcher"          daemon [_thread_blocked, id=1890822, stack(0x00007f65e91e3000,0x00007f65e92e3000) (1024K)]
  0x00007f6600183ba0 JavaThread "Service Thread"             daemon [_thread_blocked, id=1890823, stack(0x00007f65e90e3000,0x00007f65e91e3000) (1024K)]
  0x00007f6600185350 JavaThread "Monitor Deflation Thread"   daemon [_thread_blocked, id=1890824, stack(0x00007f65e8fe3000,0x00007f65e90e3000) (1024K)]
  0x00007f6600186d50 JavaThread "C2 CompilerThread0"         daemon [_thread_blocked, id=1890825, stack(0x00007f65e8ee3000,0x00007f65e8fe3000) (1024K)]
  0x00007f6600188670 JavaThread "C1 CompilerThread0"         daemon [_thread_blocked, id=1890826, stack(0x00007f65e8de3000,0x00007f65e8ee3000) (1024K)]
  0x00007f66002c47b0 JavaThread "Notification Thread"        daemon [_thread_blocked, id=1890828, stack(0x00007f65e8ce3000,0x00007f65e8de3000) (1024K)]
  0x00007f6601ae1940 JavaThread "Daemon health stats"               [_thread_blocked, id=1890834, stack(0x00007f65e84fc000,0x00007f65e85fc000) (1024K)]
  0x00007f6601b4a8c0 JavaThread "Incoming local TCP Connector on port 37001"        [_thread_in_native, id=1890835, stack(0x00007f65e83fc000,0x00007f65e84fc000) (1024K)]
  0x00007f6601b50f90 JavaThread "Daemon periodic checks"            [_thread_blocked, id=1890836, stack(0x00007f65e82fc000,0x00007f65e83fc000) (1024K)]
  0x00007f65641670c0 JavaThread "Cache worker for journal cache (/home/thecoder/.gradle/caches/journal-1)"        [_thread_blocked, id=1890851, stack(0x00007f65b93f9000,0x00007f65b94f9000) (1024K)]
  0x00007f656416c910 JavaThread "File lock request listener"        [_thread_in_native, id=1890852, stack(0x00007f65b92f9000,0x00007f65b93f9000) (1024K)]
  0x00007f656419c400 JavaThread "Cache worker for file hash cache (/home/thecoder/.gradle/caches/9.5.0/fileHashes)"        [_thread_blocked, id=1890853, stack(0x00007f65b91f9000,0x00007f65b92f9000) (1024K)]
  0x00007f656495b290 JavaThread "File watcher server"        daemon [_thread_blocked, id=1890857, stack(0x00007f65b8ef9000,0x00007f65b8ff9000) (1024K)]
  0x00007f6564964d00 JavaThread "File watcher consumer"      daemon [_thread_blocked, id=1890858, stack(0x00007f65b8df9000,0x00007f65b8ef9000) (1024K)]
  0x00007f656497dc50 JavaThread "jar transforms"                    [_thread_blocked, id=1890860, stack(0x00007f65b8cf9000,0x00007f65b8df9000) (1024K)]
  0x00007f656497ea20 JavaThread "jar transforms Thread 2"           [_thread_blocked, id=1890861, stack(0x00007f65b8bf9000,0x00007f65b8cf9000) (1024K)]
  0x00007f656497fdc0 JavaThread "jar transforms Thread 3"           [_thread_blocked, id=1890862, stack(0x00007f65b8af9000,0x00007f65b8bf9000) (1024K)]
  0x00007f6564981140 JavaThread "jar transforms Thread 4"           [_thread_blocked, id=1890863, stack(0x00007f65b89f9000,0x00007f65b8af9000) (1024K)]
  0x00007f6564982390 JavaThread "jar transforms Thread 5"           [_thread_blocked, id=1890864, stack(0x00007f65b88f9000,0x00007f65b89f9000) (1024K)]
  0x00007f6564983860 JavaThread "jar transforms Thread 6"           [_thread_blocked, id=1890865, stack(0x00007f65b87f9000,0x00007f65b88f9000) (1024K)]
  0x00007f6564984cd0 JavaThread "jar transforms Thread 7"           [_thread_blocked, id=1890866, stack(0x00007f65b86f9000,0x00007f65b87f9000) (1024K)]
  0x00007f6564986140 JavaThread "jar transforms Thread 8"           [_thread_blocked, id=1890867, stack(0x00007f65b85f9000,0x00007f65b86f9000) (1024K)]
  0x00007f65649875a0 JavaThread "jar transforms Thread 9"           [_thread_blocked, id=1890868, stack(0x00007f65b84f9000,0x00007f65b85f9000) (1024K)]
  0x00007f6564988b30 JavaThread "jar transforms Thread 10"          [_thread_blocked, id=1890869, stack(0x00007f65b83f9000,0x00007f65b84f9000) (1024K)]
  0x00007f656498a0d0 JavaThread "jar transforms Thread 11"          [_thread_blocked, id=1890870, stack(0x00007f65b82f9000,0x00007f65b83f9000) (1024K)]
  0x00007f656498b670 JavaThread "jar transforms Thread 12"          [_thread_blocked, id=1890871, stack(0x00007f65b81f9000,0x00007f65b82f9000) (1024K)]
  0x00007f6564ac9a80 JavaThread "Cache worker for file content cache (/home/thecoder/.gradle/caches/9.5.0/fileContent)"        [_thread_blocked, id=1890908, stack(0x00007f65b80f9000,0x00007f65b81f9000) (1024K)]
  0x00007f6565b973a0 JavaThread "Cache worker for Kotlin DSL Plugin Entries (/home/thecoder/development/picshare-app/.gradle/9.5.0/kotlin-dsl-plugin-entries)"        [_thread_blocked, id=1890959, stack(0x00007f64f2f00000,0x00007f64f3000000) (1024K)]
  0x00007f65658b49f0 JavaThread "DefaultDispatcher-worker-1" daemon [_thread_blocked, id=1890961, stack(0x00007f64f2d00000,0x00007f64f2e00000) (1024K)]
  0x00007f65658b5880 JavaThread "DefaultDispatcher-worker-2" daemon [_thread_blocked, id=1890962, stack(0x00007f64f2c00000,0x00007f64f2d00000) (1024K)]
  0x00007f6494004470 JavaThread "DefaultDispatcher-worker-3" daemon [_thread_blocked, id=1890963, stack(0x00007f64f2b00000,0x00007f64f2c00000) (1024K)]
  0x00007f65671365f0 JavaThread "Memory manager"                    [_thread_blocked, id=1891057, stack(0x00007f64f2a00000,0x00007f64f2b00000) (1024K)]
  0x00007f6580012080 JavaThread "Daemon Thread 2"                   [_thread_blocked, id=1892230, stack(0x00007f65e81fc000,0x00007f65e82fc000) (1024K)]
  0x00007f6578007e90 JavaThread "Handler for socket connection from /127.0.0.1:37001 to /127.0.0.1:58988"        [_thread_in_native, id=1892231, stack(0x00007f65b9e00000,0x00007f65b9f00000) (1024K)]
  0x00007f6578009cb0 JavaThread "Cancel handler"                    [_thread_blocked, id=1892232, stack(0x00007f65b9f00000,0x00007f65ba000000) (1024K)]
  0x00007f6578003100 JavaThread "Daemon worker Thread 2"            [_thread_blocked, id=1892233, stack(0x00007f64f2e00000,0x00007f64f2f00000) (1024K)]
  0x00007f649c034270 JavaThread "Asynchronous log dispatcher for DefaultDaemonConnection: socket connection from /127.0.0.1:37001 to /127.0.0.1:58988"        [_thread_blocked, id=1892234, stack(0x00007f65e80fc000,0x00007f65e81fc000) (1024K)]
  0x00007f649c034b20 JavaThread "Stdin handler"                     [_thread_blocked, id=1892235, stack(0x00007f65c7f00000,0x00007f65c8000000) (1024K)]
  0x00007f649c049b10 JavaThread "Daemon client event forwarder"        [_thread_blocked, id=1892236, stack(0x00007f64f2800000,0x00007f64f2900000) (1024K)]
  0x00007f649c0700e0 JavaThread "Cache worker for file hash cache (/home/thecoder/development/picshare-app/.gradle/9.5.0/fileHashes)"        [_thread_blocked, id=1892237, stack(0x00007f65b9d00000,0x00007f65b9e00000) (1024K)]
  0x00007f649c070b00 JavaThread "Cache worker for checksums cache (/home/thecoder/development/picshare-app/.gradle/9.5.0/checksums)"        [_thread_blocked, id=1892238, stack(0x00007f6490000000,0x00007f6490100000) (1024K)]
  0x00007f649c0e0520 JavaThread "Cache worker for Build Output Cleanup Cache (/home/thecoder/development/picshare-app/.gradle/buildOutputCleanup)"        [_thread_blocked, id=1892239, stack(0x00007f64f0400000,0x00007f64f0500000) (1024K)]
  0x00007f649c21e6d0 JavaThread "Cache worker for cache directory md-supplier (/home/thecoder/.gradle/caches/9.5.0/md-supplier)"        [_thread_blocked, id=1892240, stack(0x00007f644af00000,0x00007f644b000000) (1024K)]
  0x00007f649c222cd0 JavaThread "Cache worker for cache directory md-rule (/home/thecoder/.gradle/caches/9.5.0/md-rule)"        [_thread_blocked, id=1892241, stack(0x00007f644bc00000,0x00007f644bd00000) (1024K)]
  0x00007f649c221ae0 JavaThread "Build operations"                  [_thread_blocked, id=1892242, stack(0x00007f6490300000,0x00007f6490400000) (1024K)]
  0x00007f649c224200 JavaThread "Build operations Thread 2"         [_thread_blocked, id=1892243, stack(0x00007f64f0700000,0x00007f64f0800000) (1024K)]
  0x00007f649c224fc0 JavaThread "Build operations Thread 3"         [_thread_blocked, id=1892244, stack(0x00007f64f1100000,0x00007f64f1200000) (1024K)]
  0x00007f649c226010 JavaThread "Build operations Thread 4"         [_thread_blocked, id=1892245, stack(0x00007f644be00000,0x00007f644bf00000) (1024K)]
  0x00007f649c227060 JavaThread "Build operations Thread 5"         [_thread_blocked, id=1892246, stack(0x00007f644bf00000,0x00007f644c000000) (1024K)]
  0x00007f649c22a520 JavaThread "Build operations Thread 6"         [_thread_blocked, id=1892247, stack(0x00007f644bb00000,0x00007f644bc00000) (1024K)]
  0x00007f649c22b980 JavaThread "Build operations Thread 7"         [_thread_blocked, id=1892248, stack(0x00007f6490800000,0x00007f6490900000) (1024K)]
  0x00007f649c22c9f0 JavaThread "Build operations Thread 8"         [_thread_blocked, id=1892249, stack(0x00007f64f1600000,0x00007f64f1700000) (1024K)]
  0x00007f649c22df70 JavaThread "Build operations Thread 9"         [_thread_blocked, id=1892250, stack(0x00007f64f0d00000,0x00007f64f0e00000) (1024K)]
  0x00007f649c22f320 JavaThread "Build operations Thread 10"        [_thread_blocked, id=1892251, stack(0x00007f644b700000,0x00007f644b800000) (1024K)]
  0x00007f649c2308b0 JavaThread "Build operations Thread 11"        [_thread_blocked, id=1892252, stack(0x00007f64f0900000,0x00007f64f0a00000) (1024K)]
  0x00007f649c2206b0 JavaThread "Build operations Thread 12"        [_thread_blocked, id=1892253, stack(0x00007f64f1300000,0x00007f64f1400000) (1024K)]
  0x00007f649c2a1f70 JavaThread "Configuration cache report writer"        [_thread_blocked, id=1892254, stack(0x00007f64f0000000,0x00007f64f0100000) (1024K)]
  0x00007f649c2f3350 JavaThread "build event listener"              [_thread_blocked, id=1892283, stack(0x00007f64f0500000,0x00007f64f0600000) (1024K)]
  0x00007f649c3efeb0 JavaThread "build event listener"              [_thread_blocked, id=1892286, stack(0x00007f64f0800000,0x00007f64f0900000) (1024K)]
  0x00007f649c4979f0 JavaThread "Exec process"                      [_thread_blocked, id=1892291, stack(0x00007f64f0a00000,0x00007f64f0b00000) (1024K)]
  0x00007f64e8002720 JavaThread "process reaper"             daemon [_thread_blocked, id=1892293, stack(0x00007f65e807b000,0x00007f65e809d000) (136K)]
  0x00007f64e8004b20 JavaThread "Exec process Thread 2"             [_thread_blocked, id=1892295, stack(0x00007f65b94f9000,0x00007f65b95f9000) (1024K)]
  0x00007f64e80060d0 JavaThread "Exec process Thread 3"             [_thread_blocked, id=1892296, stack(0x00007f64f0e00000,0x00007f64f0f00000) (1024K)]
  0x00007f649c50dc20 JavaThread "included builds"                   [_thread_blocked, id=1892417, stack(0x00007f6490700000,0x00007f6490800000) (1024K)]
  0x00007f64e4002170 JavaThread "Execution worker"                  [_thread_blocked, id=1892418, stack(0x00007f64f1400000,0x00007f64f1500000) (1024K)]
  0x00007f64e4002a20 JavaThread "Execution worker Thread 2"         [_thread_blocked, id=1892419, stack(0x00007f6490600000,0x00007f6490700000) (1024K)]
  0x00007f64e4003530 JavaThread "Execution worker Thread 3"         [_thread_blocked, id=1892420, stack(0x00007f64f0600000,0x00007f64f0700000) (1024K)]
  0x00007f64e4027750 JavaThread "Execution worker Thread 4"         [_thread_blocked, id=1892421, stack(0x00007f64f1700000,0x00007f64f1800000) (1024K)]
  0x00007f64e4028d10 JavaThread "Execution worker Thread 5"         [_thread_blocked, id=1892422, stack(0x00007f6490900000,0x00007f6490a00000) (1024K)]
  0x00007f64e404fde0 JavaThread "Execution worker Thread 6"         [_thread_blocked, id=1892423, stack(0x00007f64f1b00000,0x00007f64f1c00000) (1024K)]
  0x00007f64e4050c80 JavaThread "Execution worker Thread 7"         [_thread_blocked, id=1892424, stack(0x00007f6490100000,0x00007f6490200000) (1024K)]
  0x00007f64e40522a0 JavaThread "Execution worker Thread 8"         [_thread_blocked, id=1892425, stack(0x00007f644ba00000,0x00007f644bb00000) (1024K)]
  0x00007f64e40538c0 JavaThread "Execution worker Thread 9"         [_thread_blocked, id=1892426, stack(0x00007f644b200000,0x00007f644b300000) (1024K)]
  0x00007f64e4054ef0 JavaThread "Execution worker Thread 10"        [_thread_blocked, id=1892427, stack(0x00007f65b90f9000,0x00007f65b91f9000) (1024K)]
  0x00007f64e40566a0 JavaThread "Execution worker Thread 11"        [_thread_blocked, id=1892428, stack(0x00007f65b8ff9000,0x00007f65b90f9000) (1024K)]
  0x00007f64c4000cc0 JavaThread "Cache worker for execution history cache (/home/thecoder/development/picshare-app/.gradle/9.5.0/executionHistory)"        [_thread_blocked, id=1892429, stack(0x00007f64f3f00000,0x00007f64f4000000) (1024K)]
  0x00007f64e4064d30 JavaThread "WorkerExecutor Queue"              [_thread_blocked, id=1892432, stack(0x00007f64f3e00000,0x00007f64f3f00000) (1024K)]
  0x00007f64c402a870 JavaThread "WorkerExecutor Queue Thread 2"        [_thread_blocked, id=1892435, stack(0x00007f64f3d00000,0x00007f64f3e00000) (1024K)]
  0x00007f6464002780 JavaThread "WorkerExecutor Queue Thread 3"        [_thread_blocked, id=1892449, stack(0x00007f64f3000000,0x00007f64f3100000) (1024K)]
  0x00007f64bc00bcc0 JavaThread "WorkerExecutor Queue Thread 5"        [_thread_blocked, id=1892452, stack(0x00007f64f2700000,0x00007f64f2800000) (1024K)]
  0x00007f6464008180 JavaThread "WorkerExecutor Queue Thread 6"        [_thread_blocked, id=1892453, stack(0x00007f64f2600000,0x00007f64f2700000) (1024K)]
  0x00007f6530007d10 JavaThread "WorkerExecutor Queue Thread 7"        [_thread_blocked, id=1892455, stack(0x00007f64f2500000,0x00007f64f2600000) (1024K)]
  0x00007f64c4031400 JavaThread "WorkerExecutor Queue Thread 8"        [_thread_blocked, id=1892456, stack(0x00007f64f2400000,0x00007f64f2500000) (1024K)]
  0x00007f6464025d40 JavaThread "WorkerExecutor Queue Thread 9"        [_thread_blocked, id=1892457, stack(0x00007f64f2300000,0x00007f64f2400000) (1024K)]
  0x00007f64bc04d990 JavaThread "WorkerExecutor Queue Thread 10"        [_thread_blocked, id=1892458, stack(0x00007f64f2200000,0x00007f64f2300000) (1024K)]
  0x00007f64c4051d00 JavaThread "WorkerExecutor Queue Thread 11"        [_thread_blocked, id=1892459, stack(0x00007f64f2100000,0x00007f64f2200000) (1024K)]
  0x00007f6584074540 JavaThread "WorkerExecutor Queue Thread 12"        [_thread_blocked, id=1892460, stack(0x00007f64f2000000,0x00007f64f2100000) (1024K)]
  0x00007f6584079700 JavaThread "WorkerExecutor Queue Thread 13"        [_thread_blocked, id=1892461, stack(0x00007f64f1f00000,0x00007f64f2000000) (1024K)]
Total: 92

Other Threads:
  0x00007f6600145fd0 VMThread "VM Thread"                           [id=1890818, stack(0x00007f65e95e4000,0x00007f65e96e4000) (1024K)]
  0x00007f6600105460 WatcherThread "VM Periodic Task Thread"        [id=1890817, stack(0x00007f65e96e5000,0x00007f65e97e5000) (1024K)]
  0x00007f6600089870 WorkerThread "GC Thread#0"                     [id=1890812, stack(0x00007f6604d00000,0x00007f6604e00000) (1024K)]
  0x00007f65d0008420 WorkerThread "GC Thread#1"                     [id=1890829, stack(0x00007f65e8900000,0x00007f65e8a00000) (1024K)]
  0x00007f65d0012a60 WorkerThread "GC Thread#2"                     [id=1890830, stack(0x00007f65e87ff000,0x00007f65e88ff000) (1024K)]
  0x00007f65d0013b60 WorkerThread "GC Thread#3"                     [id=1890831, stack(0x00007f65e86fe000,0x00007f65e87fe000) (1024K)]
  0x00007f65d0014cb0 WorkerThread "GC Thread#4"                     [id=1890832, stack(0x00007f65e85fd000,0x00007f65e86fd000) (1024K)]
  0x00007f65d000b910 WorkerThread "GC Thread#5"                     [id=1890843, stack(0x00007f65b9c00000,0x00007f65b9d00000) (1024K)]
  0x00007f65d000c3c0 WorkerThread "GC Thread#6"                     [id=1890844, stack(0x00007f65b9aff000,0x00007f65b9bff000) (1024K)]
  0x00007f65d000cfd0 WorkerThread "GC Thread#7"                     [id=1890845, stack(0x00007f65b99fe000,0x00007f65b9afe000) (1024K)]
  0x00007f65d00105b0 WorkerThread "GC Thread#8"                     [id=1890846, stack(0x00007f65b98fd000,0x00007f65b99fd000) (1024K)]
=>0x00007f65d0011320 WorkerThread "GC Thread#9"                     [id=1890847, stack(0x00007f65b97fc000,0x00007f65b98fc000) (1024K)]
  0x00007f66000a3050 ConcurrentGCThread "G1 Main Marker"            [id=1890813, stack(0x00007f6604bff000,0x00007f6604cff000) (1024K)]
  0x00007f66000a4150 WorkerThread "G1 Conc#0"                       [id=1890814, stack(0x00007f6604afe000,0x00007f6604bfe000) (1024K)]
  0x00007f65dc000cc0 WorkerThread "G1 Conc#1"                       [id=1890848, stack(0x00007f65b96fb000,0x00007f65b97fb000) (1024K)]
  0x00007f65dc0019f0 WorkerThread "G1 Conc#2"                       [id=1890849, stack(0x00007f65b95fa000,0x00007f65b96fa000) (1024K)]
  0x00007f66000f6390 ConcurrentGCThread "G1 Refine#0"               [id=1890815, stack(0x00007f65fff00000,0x00007f6600000000) (1024K)]
  0x00007f66000f7580 ConcurrentGCThread "G1 Service"                [id=1890816, stack(0x00007f65e9900000,0x00007f65e9a00000) (1024K)]
Total: 18

Threads with active compile tasks:
C2 CompilerThread0  202513 43900       4       com.android.tools.r8.internal.sl1::e (128 bytes)
Total: 1

VM state: at safepoint (normal execution)

VM Mutex/Monitor currently owned by a thread:  ([mutex/lock_event])
[0x00007f66079116d0] FreeList_lock - owner thread: 0x00007f65d0011320
[0x00007f6607913f50] Threads_lock - owner thread: 0x00007f6600145fd0
[0x00007f66079140d0] Heap_lock - owner thread: 0x00007f649c224200

Heap address: 0x0000000080000000, size: 2048 MB, Compressed Oops mode: 32-bit

CDS archive(s) not mapped
Compressed class space mapped at: 0x0000000026000000-0x0000000066000000, reserved size: 1073741824
UseCompressedClassPointers 1, UseCompactObjectHeaders 0
Narrow klass pointer bits 32, Max shift 3
Narrow klass base: 0x0000000000000000, Narrow klass shift: 0
Encoding Range: [0x0000000000000000 - 0x0000000100000000), (4294967296 bytes)
Klass Range:    [0x0000000026000000 - 0x0000000066000000), (1073741824 bytes)
Klass ID Range:  [637534208 - 1711276025) (1073741817)
No protection zone.

GC Precious Log:
 CardTable entry size: 512
 Card Set container configuration: InlinePtr #cards 5 size 8 Array Of Cards #cards 10 size 36 Howl #buckets 4 coarsen threshold 1843 Howl Bitmap #cards 512 size 80 coarsen threshold 460 Card regions per heap region 1 cards per card region 2048
 CPUs: 12 total, 12 available
 Memory: 7302M
 Large Page Support: Disabled
 NUMA Support: Disabled
 Compressed Oops: Enabled (32-bit)
 Heap Region Size: 1M
 Heap Min Capacity: 8M
 Heap Initial Capacity: 116M
 Heap Max Capacity: 2G
 Pre-touch: Disabled
 Parallel Workers: 10
 Concurrent Workers: 3
 Concurrent Refinement Workers: 10
 Periodic GC: Disabled

Heap:
 garbage-first heap   total reserved 2097152K, committed 1415168K, used 1325729K [0x0000000080000000, 0x0000000100000000)
  region size 1024K, 725 young (742400K), 41 survivors (41984K)

Heap Regions: E=young(eden), S=young(survivor), O=old, HS=humongous(starts), HC=humongous(continues), CS=collection set, F=free, TAMS=top-at-mark-start, PB=parsable bottom
|   0|0x0000000080000000, 0x0000000080100000, 0x0000000080100000|100%|HS|  |TAMS 0x0000000080000000| PB 0x0000000080000000| Complete |  0
|   1|0x0000000080100000, 0x0000000080200000, 0x0000000080200000|100%|HC|  |TAMS 0x0000000080100000| PB 0x0000000080100000| Complete |  0
|   2|0x0000000080200000, 0x0000000080300000, 0x0000000080300000|100%|HC|  |TAMS 0x0000000080200000| PB 0x0000000080200000| Complete |  0
|   3|0x0000000080300000, 0x0000000080400000, 0x0000000080400000|100%|HC|  |TAMS 0x0000000080300000| PB 0x0000000080300000| Complete |  0
|   4|0x0000000080400000, 0x0000000080500000, 0x0000000080500000|100%|HS|  |TAMS 0x0000000080400000| PB 0x0000000080400000| Complete |  0
|   5|0x0000000080500000, 0x0000000080600000, 0x0000000080600000|100%| O|  |TAMS 0x0000000080500000| PB 0x0000000080500000| Untracked |  0
|   6|0x0000000080600000, 0x0000000080700000, 0x0000000080700000|100%| O|  |TAMS 0x0000000080600000| PB 0x0000000080600000| Untracked |  0
|   7|0x0000000080700000, 0x0000000080800000, 0x0000000080800000|100%| O|  |TAMS 0x0000000080700000| PB 0x0000000080700000| Untracked |  0
|   8|0x0000000080800000, 0x0000000080900000, 0x0000000080900000|100%| O|  |TAMS 0x0000000080800000| PB 0x0000000080800000| Untracked |  0
|   9|0x0000000080900000, 0x0000000080a00000, 0x0000000080a00000|100%| O|  |TAMS 0x0000000080900000| PB 0x0000000080900000| Untracked |  0
|  10|0x0000000080a00000, 0x0000000080b00000, 0x0000000080b00000|100%| O|  |TAMS 0x0000000080a00000| PB 0x0000000080a00000| Untracked |  0
|  11|0x0000000080b00000, 0x0000000080c00000, 0x0000000080c00000|100%| O|  |TAMS 0x0000000080b00000| PB 0x0000000080b00000| Untracked |  0
|  12|0x0000000080c00000, 0x0000000080d00000, 0x0000000080d00000|100%| O|  |TAMS 0x0000000080c00000| PB 0x0000000080c00000| Untracked |  0
|  13|0x0000000080d00000, 0x0000000080e00000, 0x0000000080e00000|100%| O|  |TAMS 0x0000000080d00000| PB 0x0000000080d00000| Untracked |  0
|  14|0x0000000080e00000, 0x0000000080f00000, 0x0000000080f00000|100%| O|  |TAMS 0x0000000080e00000| PB 0x0000000080e00000| Untracked |  0
|  15|0x0000000080f00000, 0x0000000081000000, 0x0000000081000000|100%| O|  |TAMS 0x0000000080f00000| PB 0x0000000080f00000| Untracked |  0
|  16|0x0000000081000000, 0x0000000081100000, 0x0000000081100000|100%| O|  |TAMS 0x0000000081000000| PB 0x0000000081000000| Untracked |  0
|  17|0x0000000081100000, 0x0000000081200000, 0x0000000081200000|100%| O|  |TAMS 0x0000000081100000| PB 0x0000000081100000| Untracked |  0
|  18|0x0000000081200000, 0x0000000081300000, 0x0000000081300000|100%| O|  |TAMS 0x0000000081200000| PB 0x0000000081200000| Untracked |  0
|  19|0x0000000081300000, 0x0000000081400000, 0x0000000081400000|100%| O|  |TAMS 0x0000000081300000| PB 0x0000000081300000| Untracked |  0
|  20|0x0000000081400000, 0x0000000081500000, 0x0000000081500000|100%| O|  |TAMS 0x0000000081400000| PB 0x0000000081400000| Untracked |  0
|  21|0x0000000081500000, 0x0000000081600000, 0x0000000081600000|100%| O|  |TAMS 0x0000000081500000| PB 0x0000000081500000| Untracked |  0
|  22|0x0000000081600000, 0x0000000081700000, 0x0000000081700000|100%| O|  |TAMS 0x0000000081600000| PB 0x0000000081600000| Untracked |  0
|  23|0x0000000081700000, 0x0000000081800000, 0x0000000081800000|100%| O|  |TAMS 0x0000000081700000| PB 0x0000000081700000| Untracked |  0
|  24|0x0000000081800000, 0x0000000081900000, 0x0000000081900000|100%|HS|  |TAMS 0x0000000081800000| PB 0x0000000081800000| Complete |  0
|  25|0x0000000081900000, 0x0000000081a00000, 0x0000000081a00000|100%|HC|  |TAMS 0x0000000081900000| PB 0x0000000081900000| Complete |  0
|  26|0x0000000081a00000, 0x0000000081b00000, 0x0000000081b00000|100%|HC|  |TAMS 0x0000000081a00000| PB 0x0000000081a00000| Complete |  0
|  27|0x0000000081b00000, 0x0000000081c00000, 0x0000000081c00000|100%|HC|  |TAMS 0x0000000081b00000| PB 0x0000000081b00000| Complete |  0
|  28|0x0000000081c00000, 0x0000000081d00000, 0x0000000081d00000|100%|HC|  |TAMS 0x0000000081c00000| PB 0x0000000081c00000| Complete |  0
|  29|0x0000000081d00000, 0x0000000081e00000, 0x0000000081e00000|100%|HC|  |TAMS 0x0000000081d00000| PB 0x0000000081d00000| Complete |  0
|  30|0x0000000081e00000, 0x0000000081f00000, 0x0000000081f00000|100%|HS|  |TAMS 0x0000000081e00000| PB 0x0000000081e00000| Complete |  0
|  31|0x0000000081f00000, 0x0000000082000000, 0x0000000082000000|100%|HS|  |TAMS 0x0000000081f00000| PB 0x0000000081f00000| Complete |  0
|  32|0x0000000082000000, 0x0000000082100000, 0x0000000082100000|100%|HS|  |TAMS 0x0000000082000000| PB 0x0000000082000000| Complete |  0
|  33|0x0000000082100000, 0x0000000082200000, 0x0000000082200000|100%|HC|  |TAMS 0x0000000082100000| PB 0x0000000082100000| Complete |  0
|  34|0x0000000082200000, 0x0000000082300000, 0x0000000082300000|100%|HC|  |TAMS 0x0000000082200000| PB 0x0000000082200000| Complete |  0
|  35|0x0000000082300000, 0x0000000082400000, 0x0000000082400000|100%|HC|  |TAMS 0x0000000082300000| PB 0x0000000082300000| Complete |  0
|  36|0x0000000082400000, 0x0000000082500000, 0x0000000082500000|100%|HC|  |TAMS 0x0000000082400000| PB 0x0000000082400000| Complete |  0
|  37|0x0000000082500000, 0x0000000082600000, 0x0000000082600000|100%|HC|  |TAMS 0x0000000082500000| PB 0x0000000082500000| Complete |  0
|  38|0x0000000082600000, 0x0000000082700000, 0x0000000082700000|100%|HS|  |TAMS 0x0000000082600000| PB 0x0000000082600000| Complete |  0
|  39|0x0000000082700000, 0x0000000082800000, 0x0000000082800000|100%|HS|  |TAMS 0x0000000082700000| PB 0x0000000082700000| Complete |  0
|  40|0x0000000082800000, 0x0000000082900000, 0x0000000082900000|100%| O|  |TAMS 0x0000000082800000| PB 0x0000000082800000| Untracked |  0
|  41|0x0000000082900000, 0x0000000082a00000, 0x0000000082a00000|100%| O|  |TAMS 0x0000000082900000| PB 0x0000000082900000| Untracked |  0
|  42|0x0000000082a00000, 0x0000000082b00000, 0x0000000082b00000|100%| O|  |TAMS 0x0000000082a00000| PB 0x0000000082a00000| Untracked |  0
|  43|0x0000000082b00000, 0x0000000082c00000, 0x0000000082c00000|100%| O|  |TAMS 0x0000000082b00000| PB 0x0000000082b00000| Untracked |  0
|  44|0x0000000082c00000, 0x0000000082d00000, 0x0000000082d00000|100%| O|  |TAMS 0x0000000082c00000| PB 0x0000000082c00000| Untracked |  0
|  45|0x0000000082d00000, 0x0000000082e00000, 0x0000000082e00000|100%| O|  |TAMS 0x0000000082d00000| PB 0x0000000082d00000| Untracked |  0
|  46|0x0000000082e00000, 0x0000000082f00000, 0x0000000082f00000|100%| O|  |TAMS 0x0000000082e00000| PB 0x0000000082e00000| Untracked |  0
|  47|0x0000000082f00000, 0x0000000083000000, 0x0000000083000000|100%| O|  |TAMS 0x0000000082f00000| PB 0x0000000082f00000| Untracked |  0
|  48|0x0000000083000000, 0x0000000083100000, 0x0000000083100000|100%| O|  |TAMS 0x0000000083000000| PB 0x0000000083000000| Untracked |  0
|  49|0x0000000083100000, 0x0000000083200000, 0x0000000083200000|100%| O|  |TAMS 0x0000000083100000| PB 0x0000000083100000| Untracked |  0
|  50|0x0000000083200000, 0x0000000083300000, 0x0000000083300000|100%| O|  |TAMS 0x0000000083200000| PB 0x0000000083200000| Untracked |  0
|  51|0x0000000083300000, 0x0000000083400000, 0x0000000083400000|100%| O|  |TAMS 0x0000000083300000| PB 0x0000000083300000| Untracked |  0
|  52|0x0000000083400000, 0x0000000083500000, 0x0000000083500000|100%| O|  |TAMS 0x0000000083400000| PB 0x0000000083400000| Untracked |  0
|  53|0x0000000083500000, 0x0000000083600000, 0x0000000083600000|100%| O|  |TAMS 0x0000000083500000| PB 0x0000000083500000| Untracked |  0
|  54|0x0000000083600000, 0x0000000083700000, 0x0000000083700000|100%| O|  |TAMS 0x0000000083600000| PB 0x0000000083600000| Untracked |  0
|  55|0x0000000083700000, 0x0000000083800000, 0x0000000083800000|100%| O|  |TAMS 0x0000000083700000| PB 0x0000000083700000| Untracked |  0
|  56|0x0000000083800000, 0x0000000083900000, 0x0000000083900000|100%| O|  |TAMS 0x0000000083800000| PB 0x0000000083800000| Untracked |  0
|  57|0x0000000083900000, 0x0000000083a00000, 0x0000000083a00000|100%| O|  |TAMS 0x0000000083900000| PB 0x0000000083900000| Untracked |  0
|  58|0x0000000083a00000, 0x0000000083b00000, 0x0000000083b00000|100%| O|  |TAMS 0x0000000083a00000| PB 0x0000000083a00000| Untracked |  0
|  59|0x0000000083b00000, 0x0000000083c00000, 0x0000000083c00000|100%| O|  |TAMS 0x0000000083b00000| PB 0x0000000083b00000| Untracked |  0
|  60|0x0000000083c00000, 0x0000000083d00000, 0x0000000083d00000|100%| O|  |TAMS 0x0000000083c00000| PB 0x0000000083c00000| Untracked |  0
|  61|0x0000000083d00000, 0x0000000083e00000, 0x0000000083e00000|100%| O|  |TAMS 0x0000000083d00000| PB 0x0000000083d00000| Untracked |  0
|  62|0x0000000083e00000, 0x0000000083f00000, 0x0000000083f00000|100%| O|  |TAMS 0x0000000083e00000| PB 0x0000000083e00000| Untracked |  0
|  63|0x0000000083f00000, 0x0000000084000000, 0x0000000084000000|100%| O|  |TAMS 0x0000000083f00000| PB 0x0000000083f00000| Untracked |  0
|  64|0x0000000084000000, 0x0000000084100000, 0x0000000084100000|100%| O|  |TAMS 0x0000000084000000| PB 0x0000000084000000| Untracked |  0
|  65|0x0000000084100000, 0x0000000084200000, 0x0000000084200000|100%| O|  |TAMS 0x0000000084100000| PB 0x0000000084100000| Untracked |  0
|  66|0x0000000084200000, 0x0000000084300000, 0x0000000084300000|100%| O|  |TAMS 0x0000000084200000| PB 0x0000000084200000| Untracked |  0
|  67|0x0000000084300000, 0x0000000084400000, 0x0000000084400000|100%| O|  |TAMS 0x0000000084300000| PB 0x0000000084300000| Untracked |  0
|  68|0x0000000084400000, 0x0000000084500000, 0x0000000084500000|100%| O|  |TAMS 0x0000000084400000| PB 0x0000000084400000| Untracked |  0
|  69|0x0000000084500000, 0x0000000084600000, 0x0000000084600000|100%| O|  |TAMS 0x0000000084500000| PB 0x0000000084500000| Untracked |  0
|  70|0x0000000084600000, 0x0000000084700000, 0x0000000084700000|100%| O|  |TAMS 0x0000000084600000| PB 0x0000000084600000| Untracked |  0
|  71|0x0000000084700000, 0x0000000084800000, 0x0000000084800000|100%|HS|  |TAMS 0x0000000084700000| PB 0x0000000084700000| Complete |  0
|  72|0x0000000084800000, 0x0000000084900000, 0x0000000084900000|100%| O|  |TAMS 0x0000000084800000| PB 0x0000000084800000| Untracked |  0
|  73|0x0000000084900000, 0x0000000084a00000, 0x0000000084a00000|100%| O|  |TAMS 0x0000000084900000| PB 0x0000000084900000| Untracked |  0
|  74|0x0000000084a00000, 0x0000000084b00000, 0x0000000084b00000|100%| O|  |TAMS 0x0000000084a00000| PB 0x0000000084a00000| Untracked |  0
|  75|0x0000000084b00000, 0x0000000084c00000, 0x0000000084c00000|100%| O|  |TAMS 0x0000000084b00000| PB 0x0000000084b00000| Untracked |  0
|  76|0x0000000084c00000, 0x0000000084d00000, 0x0000000084d00000|100%|HS|  |TAMS 0x0000000084c00000| PB 0x0000000084c00000| Complete |  0
|  77|0x0000000084d00000, 0x0000000084e00000, 0x0000000084e00000|100%|HS|  |TAMS 0x0000000084d00000| PB 0x0000000084d00000| Complete |  0
|  78|0x0000000084e00000, 0x0000000084f00000, 0x0000000084f00000|100%|HS|  |TAMS 0x0000000084e00000| PB 0x0000000084e00000| Complete |  0
|  79|0x0000000084f00000, 0x0000000085000000, 0x0000000085000000|100%|HC|  |TAMS 0x0000000084f00000| PB 0x0000000084f00000| Complete |  0
|  80|0x0000000085000000, 0x0000000085100000, 0x0000000085100000|100%| O|  |TAMS 0x0000000085000000| PB 0x0000000085000000| Untracked |  0
|  81|0x0000000085100000, 0x0000000085200000, 0x0000000085200000|100%| O|  |TAMS 0x0000000085100000| PB 0x0000000085100000| Untracked |  0
|  82|0x0000000085200000, 0x0000000085300000, 0x0000000085300000|100%|HS|  |TAMS 0x0000000085200000| PB 0x0000000085200000| Complete |  0
|  83|0x0000000085300000, 0x0000000085400000, 0x0000000085400000|100%|HS|  |TAMS 0x0000000085300000| PB 0x0000000085300000| Complete |  0
|  84|0x0000000085400000, 0x0000000085500000, 0x0000000085500000|100%|HS|  |TAMS 0x0000000085400000| PB 0x0000000085400000| Complete |  0
|  85|0x0000000085500000, 0x0000000085600000, 0x0000000085600000|100%| O|  |TAMS 0x0000000085500000| PB 0x0000000085500000| Untracked |  0
|  86|0x0000000085600000, 0x0000000085700000, 0x0000000085700000|100%| O|  |TAMS 0x0000000085600000| PB 0x0000000085600000| Untracked |  0
|  87|0x0000000085700000, 0x0000000085800000, 0x0000000085800000|100%| O|  |TAMS 0x0000000085700000| PB 0x0000000085700000| Untracked |  0
|  88|0x0000000085800000, 0x0000000085900000, 0x0000000085900000|100%|HS|  |TAMS 0x0000000085800000| PB 0x0000000085800000| Complete |  0
|  89|0x0000000085900000, 0x0000000085a00000, 0x0000000085a00000|100%| O|  |TAMS 0x0000000085900000| PB 0x0000000085900000| Untracked |  0
|  90|0x0000000085a00000, 0x0000000085b00000, 0x0000000085b00000|100%|HS|  |TAMS 0x0000000085a00000| PB 0x0000000085a00000| Complete |  0
|  91|0x0000000085b00000, 0x0000000085c00000, 0x0000000085c00000|100%|HS|  |TAMS 0x0000000085b00000| PB 0x0000000085b00000| Complete |  0
|  92|0x0000000085c00000, 0x0000000085d00000, 0x0000000085d00000|100%|HC|  |TAMS 0x0000000085c00000| PB 0x0000000085c00000| Complete |  0
|  93|0x0000000085d00000, 0x0000000085e00000, 0x0000000085e00000|100%| O|  |TAMS 0x0000000085d00000| PB 0x0000000085d00000| Untracked |  0
|  94|0x0000000085e00000, 0x0000000085f00000, 0x0000000085f00000|100%| O|  |TAMS 0x0000000085e00000| PB 0x0000000085e00000| Untracked |  0
|  95|0x0000000085f00000, 0x0000000086000000, 0x0000000086000000|100%| O|  |TAMS 0x0000000085f00000| PB 0x0000000085f00000| Untracked |  0
|  96|0x0000000086000000, 0x0000000086100000, 0x0000000086100000|100%| O|  |TAMS 0x0000000086000000| PB 0x0000000086000000| Untracked |  0
|  97|0x0000000086100000, 0x0000000086200000, 0x0000000086200000|100%| O|  |TAMS 0x0000000086100000| PB 0x0000000086100000| Untracked |  0
|  98|0x0000000086200000, 0x0000000086300000, 0x0000000086300000|100%| O|  |TAMS 0x0000000086200000| PB 0x0000000086200000| Untracked |  0
|  99|0x0000000086300000, 0x0000000086400000, 0x0000000086400000|100%|HS|  |TAMS 0x0000000086300000| PB 0x0000000086300000| Complete |  0
| 100|0x0000000086400000, 0x0000000086500000, 0x0000000086500000|100%| O|  |TAMS 0x0000000086400000| PB 0x0000000086400000| Untracked |  0
| 101|0x0000000086500000, 0x0000000086600000, 0x0000000086600000|100%| O|  |TAMS 0x0000000086500000| PB 0x0000000086500000| Untracked |  0
| 102|0x0000000086600000, 0x0000000086700000, 0x0000000086700000|100%| O|  |TAMS 0x0000000086600000| PB 0x0000000086600000| Untracked |  0
| 103|0x0000000086700000, 0x0000000086800000, 0x0000000086800000|100%| O|  |TAMS 0x0000000086700000| PB 0x0000000086700000| Untracked |  0
| 104|0x0000000086800000, 0x0000000086900000, 0x0000000086900000|100%| O|  |TAMS 0x0000000086800000| PB 0x0000000086800000| Untracked |  0
| 105|0x0000000086900000, 0x0000000086a00000, 0x0000000086a00000|100%| O|  |TAMS 0x0000000086900000| PB 0x0000000086900000| Untracked |  0
| 106|0x0000000086a00000, 0x0000000086b00000, 0x0000000086b00000|100%| O|  |TAMS 0x0000000086a00000| PB 0x0000000086a00000| Untracked |  0
| 107|0x0000000086b00000, 0x0000000086c00000, 0x0000000086c00000|100%| O|  |TAMS 0x0000000086b00000| PB 0x0000000086b00000| Untracked |  0
| 108|0x0000000086c00000, 0x0000000086d00000, 0x0000000086d00000|100%| O|  |TAMS 0x0000000086c00000| PB 0x0000000086c00000| Untracked |  0
| 109|0x0000000086d00000, 0x0000000086e00000, 0x0000000086e00000|100%| O|  |TAMS 0x0000000086d00000| PB 0x0000000086d00000| Untracked |  0
| 110|0x0000000086e00000, 0x0000000086f00000, 0x0000000086f00000|100%| O|  |TAMS 0x0000000086e00000| PB 0x0000000086e00000| Untracked |  0
| 111|0x0000000086f00000, 0x0000000087000000, 0x0000000087000000|100%| O|  |TAMS 0x0000000086f00000| PB 0x0000000086f00000| Untracked |  0
| 112|0x0000000087000000, 0x0000000087100000, 0x0000000087100000|100%| O|  |TAMS 0x0000000087000000| PB 0x0000000087000000| Untracked |  0
| 113|0x0000000087100000, 0x0000000087200000, 0x0000000087200000|100%| O|  |TAMS 0x0000000087100000| PB 0x0000000087100000| Untracked |  0
| 114|0x0000000087200000, 0x0000000087300000, 0x0000000087300000|100%| O|  |TAMS 0x0000000087200000| PB 0x0000000087200000| Untracked |  0
| 115|0x0000000087300000, 0x0000000087400000, 0x0000000087400000|100%| O|  |TAMS 0x0000000087300000| PB 0x0000000087300000| Untracked |  0
| 116|0x0000000087400000, 0x0000000087500000, 0x0000000087500000|100%| O|  |TAMS 0x0000000087400000| PB 0x0000000087400000| Untracked |  0
| 117|0x0000000087500000, 0x0000000087600000, 0x0000000087600000|100%| O|  |TAMS 0x0000000087500000| PB 0x0000000087500000| Untracked |  0
| 118|0x0000000087600000, 0x0000000087700000, 0x0000000087700000|100%| O|  |TAMS 0x0000000087600000| PB 0x0000000087600000| Untracked |  0
| 119|0x0000000087700000, 0x0000000087800000, 0x0000000087800000|100%| O|CS|TAMS 0x0000000087700000| PB 0x0000000087700000| Complete |  0
| 120|0x0000000087800000, 0x0000000087900000, 0x0000000087900000|100%| O|  |TAMS 0x0000000087800000| PB 0x0000000087800000| Untracked |  0
| 121|0x0000000087900000, 0x0000000087a00000, 0x0000000087a00000|100%| O|  |TAMS 0x0000000087900000| PB 0x0000000087900000| Untracked |  0
| 122|0x0000000087a00000, 0x0000000087b00000, 0x0000000087b00000|100%| O|  |TAMS 0x0000000087a00000| PB 0x0000000087a00000| Untracked |  0
| 123|0x0000000087b00000, 0x0000000087c00000, 0x0000000087c00000|100%| O|  |TAMS 0x0000000087b00000| PB 0x0000000087b00000| Untracked |  0
| 124|0x0000000087c00000, 0x0000000087d00000, 0x0000000087d00000|100%| O|  |TAMS 0x0000000087c00000| PB 0x0000000087c00000| Untracked |  0
| 125|0x0000000087d00000, 0x0000000087e00000, 0x0000000087e00000|100%| O|  |TAMS 0x0000000087d00000| PB 0x0000000087d00000| Untracked |  0
| 126|0x0000000087e00000, 0x0000000087f00000, 0x0000000087f00000|100%| O|  |TAMS 0x0000000087e00000| PB 0x0000000087e00000| Untracked |  0
| 127|0x0000000087f00000, 0x0000000088000000, 0x0000000088000000|100%| O|  |TAMS 0x0000000087f00000| PB 0x0000000087f00000| Untracked |  0
| 128|0x0000000088000000, 0x0000000088100000, 0x0000000088100000|100%| O|  |TAMS 0x0000000088000000| PB 0x0000000088000000| Untracked |  0
| 129|0x0000000088100000, 0x0000000088200000, 0x0000000088200000|100%| O|  |TAMS 0x0000000088100000| PB 0x0000000088100000| Untracked |  0
| 130|0x0000000088200000, 0x0000000088300000, 0x0000000088300000|100%| O|  |TAMS 0x0000000088200000| PB 0x0000000088200000| Untracked |  0
| 131|0x0000000088300000, 0x0000000088400000, 0x0000000088400000|100%| O|CS|TAMS 0x0000000088300000| PB 0x0000000088300000| Complete |  0
| 132|0x0000000088400000, 0x0000000088500000, 0x0000000088500000|100%| O|  |TAMS 0x0000000088400000| PB 0x0000000088400000| Untracked |  0
| 133|0x0000000088500000, 0x0000000088600000, 0x0000000088600000|100%| O|  |TAMS 0x0000000088500000| PB 0x0000000088500000| Untracked |  0
| 134|0x0000000088600000, 0x0000000088700000, 0x0000000088700000|100%| O|  |TAMS 0x0000000088600000| PB 0x0000000088600000| Untracked |  0
| 135|0x0000000088700000, 0x0000000088800000, 0x0000000088800000|100%| O|  |TAMS 0x0000000088700000| PB 0x0000000088700000| Untracked |  0
| 136|0x0000000088800000, 0x0000000088900000, 0x0000000088900000|100%|HS|  |TAMS 0x0000000088800000| PB 0x0000000088800000| Complete |  0
| 137|0x0000000088900000, 0x0000000088a00000, 0x0000000088a00000|100%| O|  |TAMS 0x0000000088900000| PB 0x0000000088900000| Untracked |  0
| 138|0x0000000088a00000, 0x0000000088b00000, 0x0000000088b00000|100%| O|  |TAMS 0x0000000088a00000| PB 0x0000000088a00000| Untracked |  0
| 139|0x0000000088b00000, 0x0000000088c00000, 0x0000000088c00000|100%| O|  |TAMS 0x0000000088b00000| PB 0x0000000088b00000| Untracked |  0
| 140|0x0000000088c00000, 0x0000000088d00000, 0x0000000088d00000|100%| O|  |TAMS 0x0000000088c00000| PB 0x0000000088c00000| Untracked |  0
| 141|0x0000000088d00000, 0x0000000088e00000, 0x0000000088e00000|100%| O|  |TAMS 0x0000000088d00000| PB 0x0000000088d00000| Untracked |  0
| 142|0x0000000088e00000, 0x0000000088f00000, 0x0000000088f00000|100%| O|  |TAMS 0x0000000088e00000| PB 0x0000000088e00000| Untracked |  0
| 143|0x0000000088f00000, 0x0000000089000000, 0x0000000089000000|100%| O|  |TAMS 0x0000000088f00000| PB 0x0000000088f00000| Untracked |  0
| 144|0x0000000089000000, 0x0000000089100000, 0x0000000089100000|100%| O|  |TAMS 0x0000000089000000| PB 0x0000000089000000| Untracked |  0
| 145|0x0000000089100000, 0x0000000089200000, 0x0000000089200000|100%| O|  |TAMS 0x0000000089100000| PB 0x0000000089100000| Untracked |  0
| 146|0x0000000089200000, 0x0000000089300000, 0x0000000089300000|100%| O|CS|TAMS 0x0000000089200000| PB 0x0000000089200000| Complete |  0
| 147|0x0000000089300000, 0x0000000089400000, 0x0000000089400000|100%| O|CS|TAMS 0x0000000089300000| PB 0x0000000089300000| Complete |  0
| 148|0x0000000089400000, 0x0000000089500000, 0x0000000089500000|100%| O|  |TAMS 0x0000000089400000| PB 0x0000000089400000| Untracked |  0
| 149|0x0000000089500000, 0x0000000089600000, 0x0000000089600000|100%| O|  |TAMS 0x0000000089500000| PB 0x0000000089500000| Untracked |  0
| 150|0x0000000089600000, 0x0000000089700000, 0x0000000089700000|100%| O|  |TAMS 0x0000000089600000| PB 0x0000000089600000| Untracked |  0
| 151|0x0000000089700000, 0x0000000089800000, 0x0000000089800000|100%| O|  |TAMS 0x0000000089700000| PB 0x0000000089700000| Untracked |  0
| 152|0x0000000089800000, 0x0000000089900000, 0x0000000089900000|100%| O|  |TAMS 0x0000000089800000| PB 0x0000000089800000| Untracked |  0
| 153|0x0000000089900000, 0x0000000089a00000, 0x0000000089a00000|100%| O|  |TAMS 0x0000000089900000| PB 0x0000000089900000| Untracked |  0
| 154|0x0000000089a00000, 0x0000000089b00000, 0x0000000089b00000|100%| O|  |TAMS 0x0000000089a00000| PB 0x0000000089a00000| Untracked |  0
| 155|0x0000000089b00000, 0x0000000089c00000, 0x0000000089c00000|100%| O|  |TAMS 0x0000000089b00000| PB 0x0000000089b00000| Untracked |  0
| 156|0x0000000089c00000, 0x0000000089d00000, 0x0000000089d00000|100%| O|  |TAMS 0x0000000089c00000| PB 0x0000000089c00000| Untracked |  0
| 157|0x0000000089d00000, 0x0000000089e00000, 0x0000000089e00000|100%| O|  |TAMS 0x0000000089d00000| PB 0x0000000089d00000| Untracked |  0
| 158|0x0000000089e00000, 0x0000000089f00000, 0x0000000089f00000|100%| O|CS|TAMS 0x0000000089e00000| PB 0x0000000089e00000| Complete |  0
| 159|0x0000000089f00000, 0x000000008a000000, 0x000000008a000000|100%| O|  |TAMS 0x0000000089f00000| PB 0x0000000089f00000| Untracked |  0
| 160|0x000000008a000000, 0x000000008a100000, 0x000000008a100000|100%| O|  |TAMS 0x000000008a000000| PB 0x000000008a000000| Untracked |  0
| 161|0x000000008a100000, 0x000000008a200000, 0x000000008a200000|100%| O|  |TAMS 0x000000008a100000| PB 0x000000008a100000| Untracked |  0
| 162|0x000000008a200000, 0x000000008a300000, 0x000000008a300000|100%| O|  |TAMS 0x000000008a200000| PB 0x000000008a200000| Untracked |  0
| 163|0x000000008a300000, 0x000000008a400000, 0x000000008a400000|100%| O|  |TAMS 0x000000008a300000| PB 0x000000008a300000| Untracked |  0
| 164|0x000000008a400000, 0x000000008a500000, 0x000000008a500000|100%| O|  |TAMS 0x000000008a400000| PB 0x000000008a400000| Untracked |  0
| 165|0x000000008a500000, 0x000000008a600000, 0x000000008a600000|100%| O|  |TAMS 0x000000008a500000| PB 0x000000008a500000| Untracked |  0
| 166|0x000000008a600000, 0x000000008a700000, 0x000000008a700000|100%| O|  |TAMS 0x000000008a600000| PB 0x000000008a600000| Untracked |  0
| 167|0x000000008a700000, 0x000000008a800000, 0x000000008a800000|100%| O|  |TAMS 0x000000008a700000| PB 0x000000008a700000| Untracked |  0
| 168|0x000000008a800000, 0x000000008a900000, 0x000000008a900000|100%| O|  |TAMS 0x000000008a800000| PB 0x000000008a800000| Untracked |  0
| 169|0x000000008a900000, 0x000000008aa00000, 0x000000008aa00000|100%| O|  |TAMS 0x000000008a900000| PB 0x000000008a900000| Untracked |  0
| 170|0x000000008aa00000, 0x000000008ab00000, 0x000000008ab00000|100%| O|  |TAMS 0x000000008aa00000| PB 0x000000008aa00000| Untracked |  0
| 171|0x000000008ab00000, 0x000000008ac00000, 0x000000008ac00000|100%| O|  |TAMS 0x000000008ab00000| PB 0x000000008ab00000| Untracked |  0
| 172|0x000000008ac00000, 0x000000008ad00000, 0x000000008ad00000|100%| O|  |TAMS 0x000000008ac00000| PB 0x000000008ac00000| Untracked |  0
| 173|0x000000008ad00000, 0x000000008ae00000, 0x000000008ae00000|100%| O|  |TAMS 0x000000008ad00000| PB 0x000000008ad00000| Untracked |  0
| 174|0x000000008ae00000, 0x000000008af00000, 0x000000008af00000|100%| O|  |TAMS 0x000000008ae00000| PB 0x000000008ae00000| Untracked |  0
| 175|0x000000008af00000, 0x000000008b000000, 0x000000008b000000|100%| O|  |TAMS 0x000000008af00000| PB 0x000000008af00000| Untracked |  0
| 176|0x000000008b000000, 0x000000008b100000, 0x000000008b100000|100%| O|  |TAMS 0x000000008b000000| PB 0x000000008b000000| Untracked |  0
| 177|0x000000008b100000, 0x000000008b200000, 0x000000008b200000|100%| O|  |TAMS 0x000000008b100000| PB 0x000000008b100000| Untracked |  0
| 178|0x000000008b200000, 0x000000008b300000, 0x000000008b300000|100%| O|  |TAMS 0x000000008b200000| PB 0x000000008b200000| Untracked |  0
| 179|0x000000008b300000, 0x000000008b400000, 0x000000008b400000|100%| O|  |TAMS 0x000000008b300000| PB 0x000000008b300000| Untracked |  0
| 180|0x000000008b400000, 0x000000008b500000, 0x000000008b500000|100%| O|  |TAMS 0x000000008b400000| PB 0x000000008b400000| Untracked |  0
| 181|0x000000008b500000, 0x000000008b600000, 0x000000008b600000|100%| O|  |TAMS 0x000000008b500000| PB 0x000000008b500000| Untracked |  0
| 182|0x000000008b600000, 0x000000008b700000, 0x000000008b700000|100%| O|  |TAMS 0x000000008b600000| PB 0x000000008b600000| Untracked |  0
| 183|0x000000008b700000, 0x000000008b800000, 0x000000008b800000|100%| O|  |TAMS 0x000000008b700000| PB 0x000000008b700000| Untracked |  0
| 184|0x000000008b800000, 0x000000008b900000, 0x000000008b900000|100%| O|  |TAMS 0x000000008b800000| PB 0x000000008b800000| Untracked |  0
| 185|0x000000008b900000, 0x000000008ba00000, 0x000000008ba00000|100%| O|  |TAMS 0x000000008b900000| PB 0x000000008b900000| Untracked |  0
| 186|0x000000008ba00000, 0x000000008bb00000, 0x000000008bb00000|100%| O|  |TAMS 0x000000008ba00000| PB 0x000000008ba00000| Untracked |  0
| 187|0x000000008bb00000, 0x000000008bc00000, 0x000000008bc00000|100%| O|  |TAMS 0x000000008bb00000| PB 0x000000008bb00000| Untracked |  0
| 188|0x000000008bc00000, 0x000000008bd00000, 0x000000008bd00000|100%| O|  |TAMS 0x000000008bc00000| PB 0x000000008bc00000| Untracked |  0
| 189|0x000000008bd00000, 0x000000008be00000, 0x000000008be00000|100%| O|  |TAMS 0x000000008bd00000| PB 0x000000008bd00000| Untracked |  0
| 190|0x000000008be00000, 0x000000008bf00000, 0x000000008bf00000|100%| O|  |TAMS 0x000000008be00000| PB 0x000000008be00000| Untracked |  0
| 191|0x000000008bf00000, 0x000000008c000000, 0x000000008c000000|100%| O|  |TAMS 0x000000008bf00000| PB 0x000000008bf00000| Untracked |  0
| 192|0x000000008c000000, 0x000000008c100000, 0x000000008c100000|100%| O|  |TAMS 0x000000008c000000| PB 0x000000008c000000| Untracked |  0
| 193|0x000000008c100000, 0x000000008c200000, 0x000000008c200000|100%| O|  |TAMS 0x000000008c100000| PB 0x000000008c100000| Untracked |  0
| 194|0x000000008c200000, 0x000000008c300000, 0x000000008c300000|100%| O|  |TAMS 0x000000008c200000| PB 0x000000008c200000| Untracked |  0
| 195|0x000000008c300000, 0x000000008c400000, 0x000000008c400000|100%| O|  |TAMS 0x000000008c300000| PB 0x000000008c300000| Untracked |  0
| 196|0x000000008c400000, 0x000000008c500000, 0x000000008c500000|100%| O|  |TAMS 0x000000008c400000| PB 0x000000008c400000| Untracked |  0
| 197|0x000000008c500000, 0x000000008c600000, 0x000000008c600000|100%| O|  |TAMS 0x000000008c500000| PB 0x000000008c500000| Untracked |  0
| 198|0x000000008c600000, 0x000000008c700000, 0x000000008c700000|100%| O|  |TAMS 0x000000008c600000| PB 0x000000008c600000| Untracked |  0
| 199|0x000000008c700000, 0x000000008c800000, 0x000000008c800000|100%| O|  |TAMS 0x000000008c700000| PB 0x000000008c700000| Untracked |  0
| 200|0x000000008c800000, 0x000000008c900000, 0x000000008c900000|100%| O|  |TAMS 0x000000008c800000| PB 0x000000008c800000| Untracked |  0
| 201|0x000000008c900000, 0x000000008ca00000, 0x000000008ca00000|100%| O|  |TAMS 0x000000008c900000| PB 0x000000008c900000| Untracked |  0
| 202|0x000000008ca00000, 0x000000008cb00000, 0x000000008cb00000|100%| O|  |TAMS 0x000000008ca00000| PB 0x000000008ca00000| Untracked |  0
| 203|0x000000008cb00000, 0x000000008cc00000, 0x000000008cc00000|100%| O|  |TAMS 0x000000008cb00000| PB 0x000000008cb00000| Untracked |  0
| 204|0x000000008cc00000, 0x000000008cd00000, 0x000000008cd00000|100%| O|  |TAMS 0x000000008cc00000| PB 0x000000008cc00000| Untracked |  0
| 205|0x000000008cd00000, 0x000000008ce00000, 0x000000008ce00000|100%| O|  |TAMS 0x000000008cd00000| PB 0x000000008cd00000| Untracked |  0
| 206|0x000000008ce00000, 0x000000008cf00000, 0x000000008cf00000|100%| O|CS|TAMS 0x000000008ce00000| PB 0x000000008ce00000| Complete |  0
| 207|0x000000008cf00000, 0x000000008d000000, 0x000000008d000000|100%| O|  |TAMS 0x000000008cf00000| PB 0x000000008cf00000| Untracked |  0
| 208|0x000000008d000000, 0x000000008d100000, 0x000000008d100000|100%| O|  |TAMS 0x000000008d000000| PB 0x000000008d000000| Untracked |  0
| 209|0x000000008d100000, 0x000000008d200000, 0x000000008d200000|100%| O|  |TAMS 0x000000008d100000| PB 0x000000008d100000| Untracked |  0
| 210|0x000000008d200000, 0x000000008d300000, 0x000000008d300000|100%| O|  |TAMS 0x000000008d200000| PB 0x000000008d200000| Untracked |  0
| 211|0x000000008d300000, 0x000000008d400000, 0x000000008d400000|100%| O|  |TAMS 0x000000008d300000| PB 0x000000008d300000| Untracked |  0
| 212|0x000000008d400000, 0x000000008d500000, 0x000000008d500000|100%| O|  |TAMS 0x000000008d400000| PB 0x000000008d400000| Untracked |  0
| 213|0x000000008d500000, 0x000000008d600000, 0x000000008d600000|100%| O|  |TAMS 0x000000008d500000| PB 0x000000008d500000| Untracked |  0
| 214|0x000000008d600000, 0x000000008d700000, 0x000000008d700000|100%| O|  |TAMS 0x000000008d600000| PB 0x000000008d600000| Untracked |  0
| 215|0x000000008d700000, 0x000000008d800000, 0x000000008d800000|100%| O|  |TAMS 0x000000008d700000| PB 0x000000008d700000| Untracked |  0
| 216|0x000000008d800000, 0x000000008d900000, 0x000000008d900000|100%| O|  |TAMS 0x000000008d800000| PB 0x000000008d800000| Untracked |  0
| 217|0x000000008d900000, 0x000000008da00000, 0x000000008da00000|100%| O|  |TAMS 0x000000008d900000| PB 0x000000008d900000| Untracked |  0
| 218|0x000000008da00000, 0x000000008db00000, 0x000000008db00000|100%| O|  |TAMS 0x000000008da00000| PB 0x000000008da00000| Untracked |  0
| 219|0x000000008db00000, 0x000000008dc00000, 0x000000008dc00000|100%| O|  |TAMS 0x000000008db00000| PB 0x000000008db00000| Untracked |  0
| 220|0x000000008dc00000, 0x000000008dd00000, 0x000000008dd00000|100%| O|  |TAMS 0x000000008dc00000| PB 0x000000008dc00000| Untracked |  0
| 221|0x000000008dd00000, 0x000000008de00000, 0x000000008de00000|100%| O|  |TAMS 0x000000008dd00000| PB 0x000000008dd00000| Untracked |  0
| 222|0x000000008de00000, 0x000000008df00000, 0x000000008df00000|100%| O|  |TAMS 0x000000008de00000| PB 0x000000008de00000| Untracked |  0
| 223|0x000000008df00000, 0x000000008e000000, 0x000000008e000000|100%| O|  |TAMS 0x000000008df00000| PB 0x000000008df00000| Untracked |  0
| 224|0x000000008e000000, 0x000000008e100000, 0x000000008e100000|100%| O|  |TAMS 0x000000008e000000| PB 0x000000008e000000| Untracked |  0
| 225|0x000000008e100000, 0x000000008e200000, 0x000000008e200000|100%| O|  |TAMS 0x000000008e100000| PB 0x000000008e100000| Untracked |  0
| 226|0x000000008e200000, 0x000000008e300000, 0x000000008e300000|100%| O|CS|TAMS 0x000000008e200000| PB 0x000000008e200000| Complete |  0
| 227|0x000000008e300000, 0x000000008e400000, 0x000000008e400000|100%| O|  |TAMS 0x000000008e300000| PB 0x000000008e300000| Untracked |  0
| 228|0x000000008e400000, 0x000000008e500000, 0x000000008e500000|100%| O|  |TAMS 0x000000008e400000| PB 0x000000008e400000| Untracked |  0
| 229|0x000000008e500000, 0x000000008e600000, 0x000000008e600000|100%| O|  |TAMS 0x000000008e500000| PB 0x000000008e500000| Untracked |  0
| 230|0x000000008e600000, 0x000000008e700000, 0x000000008e700000|100%| O|  |TAMS 0x000000008e600000| PB 0x000000008e600000| Untracked |  0
| 231|0x000000008e700000, 0x000000008e800000, 0x000000008e800000|100%| O|  |TAMS 0x000000008e700000| PB 0x000000008e700000| Untracked |  0
| 232|0x000000008e800000, 0x000000008e900000, 0x000000008e900000|100%| O|  |TAMS 0x000000008e800000| PB 0x000000008e800000| Untracked |  0
| 233|0x000000008e900000, 0x000000008ea00000, 0x000000008ea00000|100%| O|  |TAMS 0x000000008e900000| PB 0x000000008e900000| Untracked |  0
| 234|0x000000008ea00000, 0x000000008eb00000, 0x000000008eb00000|100%| O|  |TAMS 0x000000008ea00000| PB 0x000000008ea00000| Untracked |  0
| 235|0x000000008eb00000, 0x000000008ec00000, 0x000000008ec00000|100%| O|  |TAMS 0x000000008eb00000| PB 0x000000008eb00000| Untracked |  0
| 236|0x000000008ec00000, 0x000000008ed00000, 0x000000008ed00000|100%| O|  |TAMS 0x000000008ec00000| PB 0x000000008ec00000| Untracked |  0
| 237|0x000000008ed00000, 0x000000008ee00000, 0x000000008ee00000|100%| O|  |TAMS 0x000000008ed00000| PB 0x000000008ed00000| Untracked |  0
| 238|0x000000008ee00000, 0x000000008ef00000, 0x000000008ef00000|100%| O|  |TAMS 0x000000008ee00000| PB 0x000000008ee00000| Untracked |  0
| 239|0x000000008ef00000, 0x000000008f000000, 0x000000008f000000|100%| O|  |TAMS 0x000000008ef00000| PB 0x000000008ef00000| Untracked |  0
| 240|0x000000008f000000, 0x000000008f100000, 0x000000008f100000|100%| O|  |TAMS 0x000000008f000000| PB 0x000000008f000000| Untracked |  0
| 241|0x000000008f100000, 0x000000008f200000, 0x000000008f200000|100%| O|  |TAMS 0x000000008f100000| PB 0x000000008f100000| Untracked |  0
| 242|0x000000008f200000, 0x000000008f300000, 0x000000008f300000|100%| O|  |TAMS 0x000000008f200000| PB 0x000000008f200000| Untracked |  0
| 243|0x000000008f300000, 0x000000008f400000, 0x000000008f400000|100%| O|  |TAMS 0x000000008f300000| PB 0x000000008f300000| Untracked |  0
| 244|0x000000008f400000, 0x000000008f500000, 0x000000008f500000|100%| O|  |TAMS 0x000000008f400000| PB 0x000000008f400000| Untracked |  0
| 245|0x000000008f500000, 0x000000008f600000, 0x000000008f600000|100%| O|  |TAMS 0x000000008f500000| PB 0x000000008f500000| Untracked |  0
| 246|0x000000008f600000, 0x000000008f700000, 0x000000008f700000|100%| O|  |TAMS 0x000000008f600000| PB 0x000000008f600000| Untracked |  0
| 247|0x000000008f700000, 0x000000008f800000, 0x000000008f800000|100%| O|  |TAMS 0x000000008f700000| PB 0x000000008f700000| Untracked |  0
| 248|0x000000008f800000, 0x000000008f900000, 0x000000008f900000|100%| O|  |TAMS 0x000000008f800000| PB 0x000000008f800000| Untracked |  0
| 249|0x000000008f900000, 0x000000008fa00000, 0x000000008fa00000|100%| O|CS|TAMS 0x000000008f900000| PB 0x000000008f900000| Complete |  0
| 250|0x000000008fa00000, 0x000000008fb00000, 0x000000008fb00000|100%| O|CS|TAMS 0x000000008fa00000| PB 0x000000008fa00000| Complete |  0
| 251|0x000000008fb00000, 0x000000008fc00000, 0x000000008fc00000|100%| O|  |TAMS 0x000000008fb00000| PB 0x000000008fb00000| Untracked |  0
| 252|0x000000008fc00000, 0x000000008fd00000, 0x000000008fd00000|100%| O|  |TAMS 0x000000008fc00000| PB 0x000000008fc00000| Untracked |  0
| 253|0x000000008fd00000, 0x000000008fe00000, 0x000000008fe00000|100%| O|  |TAMS 0x000000008fd00000| PB 0x000000008fd00000| Untracked |  0
| 254|0x000000008fe00000, 0x000000008ff00000, 0x000000008ff00000|100%| O|  |TAMS 0x000000008fe00000| PB 0x000000008fe00000| Untracked |  0
| 255|0x000000008ff00000, 0x0000000090000000, 0x0000000090000000|100%| O|  |TAMS 0x000000008ff00000| PB 0x000000008ff00000| Untracked |  0
| 256|0x0000000090000000, 0x0000000090100000, 0x0000000090100000|100%| O|  |TAMS 0x0000000090000000| PB 0x0000000090000000| Untracked |  0
| 257|0x0000000090100000, 0x0000000090200000, 0x0000000090200000|100%| O|  |TAMS 0x0000000090100000| PB 0x0000000090100000| Untracked |  0
| 258|0x0000000090200000, 0x0000000090300000, 0x0000000090300000|100%| O|  |TAMS 0x0000000090200000| PB 0x0000000090200000| Untracked |  0
| 259|0x0000000090300000, 0x0000000090400000, 0x0000000090400000|100%| O|  |TAMS 0x0000000090300000| PB 0x0000000090300000| Untracked |  0
| 260|0x0000000090400000, 0x0000000090500000, 0x0000000090500000|100%| O|  |TAMS 0x0000000090400000| PB 0x0000000090400000| Untracked |  0
| 261|0x0000000090500000, 0x0000000090600000, 0x0000000090600000|100%| O|  |TAMS 0x0000000090500000| PB 0x0000000090500000| Untracked |  0
| 262|0x0000000090600000, 0x0000000090700000, 0x0000000090700000|100%| O|  |TAMS 0x0000000090600000| PB 0x0000000090600000| Untracked |  0
| 263|0x0000000090700000, 0x0000000090800000, 0x0000000090800000|100%| O|  |TAMS 0x0000000090700000| PB 0x0000000090700000| Untracked |  0
| 264|0x0000000090800000, 0x0000000090900000, 0x0000000090900000|100%| O|  |TAMS 0x0000000090800000| PB 0x0000000090800000| Untracked |  0
| 265|0x0000000090900000, 0x0000000090a00000, 0x0000000090a00000|100%| O|  |TAMS 0x0000000090900000| PB 0x0000000090900000| Untracked |  0
| 266|0x0000000090a00000, 0x0000000090b00000, 0x0000000090b00000|100%| O|  |TAMS 0x0000000090a00000| PB 0x0000000090a00000| Untracked |  0
| 267|0x0000000090b00000, 0x0000000090c00000, 0x0000000090c00000|100%| O|CS|TAMS 0x0000000090b00000| PB 0x0000000090b00000| Complete |  0
| 268|0x0000000090c00000, 0x0000000090d00000, 0x0000000090d00000|100%| O|  |TAMS 0x0000000090c00000| PB 0x0000000090c00000| Untracked |  0
| 269|0x0000000090d00000, 0x0000000090e00000, 0x0000000090e00000|100%| O|  |TAMS 0x0000000090d00000| PB 0x0000000090d00000| Untracked |  0
| 270|0x0000000090e00000, 0x0000000090f00000, 0x0000000090f00000|100%| O|  |TAMS 0x0000000090e00000| PB 0x0000000090e00000| Untracked |  0
| 271|0x0000000090f00000, 0x0000000091000000, 0x0000000091000000|100%| O|  |TAMS 0x0000000090f00000| PB 0x0000000090f00000| Untracked |  0
| 272|0x0000000091000000, 0x0000000091100000, 0x0000000091100000|100%| O|  |TAMS 0x0000000091000000| PB 0x0000000091000000| Untracked |  0
| 273|0x0000000091100000, 0x0000000091200000, 0x0000000091200000|100%| O|  |TAMS 0x0000000091100000| PB 0x0000000091100000| Untracked |  0
| 274|0x0000000091200000, 0x0000000091300000, 0x0000000091300000|100%| O|  |TAMS 0x0000000091200000| PB 0x0000000091200000| Untracked |  0
| 275|0x0000000091300000, 0x0000000091400000, 0x0000000091400000|100%| O|  |TAMS 0x0000000091300000| PB 0x0000000091300000| Untracked |  0
| 276|0x0000000091400000, 0x0000000091500000, 0x0000000091500000|100%| O|  |TAMS 0x0000000091400000| PB 0x0000000091400000| Untracked |  0
| 277|0x0000000091500000, 0x0000000091600000, 0x0000000091600000|100%| O|  |TAMS 0x0000000091500000| PB 0x0000000091500000| Untracked |  0
| 278|0x0000000091600000, 0x0000000091700000, 0x0000000091700000|100%| O|  |TAMS 0x0000000091600000| PB 0x0000000091600000| Untracked |  0
| 279|0x0000000091700000, 0x0000000091800000, 0x0000000091800000|100%| O|  |TAMS 0x0000000091700000| PB 0x0000000091700000| Untracked |  0
| 280|0x0000000091800000, 0x0000000091900000, 0x0000000091900000|100%| O|  |TAMS 0x0000000091800000| PB 0x0000000091800000| Untracked |  0
| 281|0x0000000091900000, 0x0000000091a00000, 0x0000000091a00000|100%| O|  |TAMS 0x0000000091900000| PB 0x0000000091900000| Untracked |  0
| 282|0x0000000091a00000, 0x0000000091b00000, 0x0000000091b00000|100%| O|  |TAMS 0x0000000091a00000| PB 0x0000000091a00000| Untracked |  0
| 283|0x0000000091b00000, 0x0000000091c00000, 0x0000000091c00000|100%| O|  |TAMS 0x0000000091b00000| PB 0x0000000091b00000| Untracked |  0
| 284|0x0000000091c00000, 0x0000000091d00000, 0x0000000091d00000|100%| O|  |TAMS 0x0000000091c00000| PB 0x0000000091c00000| Untracked |  0
| 285|0x0000000091d00000, 0x0000000091e00000, 0x0000000091e00000|100%| O|  |TAMS 0x0000000091d00000| PB 0x0000000091d00000| Untracked |  0
| 286|0x0000000091e00000, 0x0000000091f00000, 0x0000000091f00000|100%| O|  |TAMS 0x0000000091e00000| PB 0x0000000091e00000| Untracked |  0
| 287|0x0000000091f00000, 0x0000000092000000, 0x0000000092000000|100%| O|  |TAMS 0x0000000091f00000| PB 0x0000000091f00000| Untracked |  0
| 288|0x0000000092000000, 0x0000000092100000, 0x0000000092100000|100%| O|  |TAMS 0x0000000092000000| PB 0x0000000092000000| Untracked |  0
| 289|0x0000000092100000, 0x0000000092200000, 0x0000000092200000|100%| O|  |TAMS 0x0000000092100000| PB 0x0000000092100000| Untracked |  0
| 290|0x0000000092200000, 0x0000000092300000, 0x0000000092300000|100%| O|  |TAMS 0x0000000092200000| PB 0x0000000092200000| Untracked |  0
| 291|0x0000000092300000, 0x0000000092400000, 0x0000000092400000|100%| O|  |TAMS 0x0000000092300000| PB 0x0000000092300000| Untracked |  0
| 292|0x0000000092400000, 0x0000000092500000, 0x0000000092500000|100%| O|  |TAMS 0x0000000092400000| PB 0x0000000092400000| Untracked |  0
| 293|0x0000000092500000, 0x0000000092600000, 0x0000000092600000|100%| O|  |TAMS 0x0000000092500000| PB 0x0000000092500000| Untracked |  0
| 294|0x0000000092600000, 0x0000000092700000, 0x0000000092700000|100%| O|CS|TAMS 0x0000000092600000| PB 0x0000000092600000| Complete |  0
| 295|0x0000000092700000, 0x0000000092800000, 0x0000000092800000|100%| O|CS|TAMS 0x0000000092700000| PB 0x0000000092700000| Complete |  0
| 296|0x0000000092800000, 0x0000000092900000, 0x0000000092900000|100%| O|CS|TAMS 0x0000000092800000| PB 0x0000000092800000| Complete |  0
| 297|0x0000000092900000, 0x0000000092a00000, 0x0000000092a00000|100%| O|  |TAMS 0x0000000092900000| PB 0x0000000092900000| Untracked |  0
| 298|0x0000000092a00000, 0x0000000092b00000, 0x0000000092b00000|100%| O|  |TAMS 0x0000000092a00000| PB 0x0000000092a00000| Untracked |  0
| 299|0x0000000092b00000, 0x0000000092c00000, 0x0000000092c00000|100%| O|CS|TAMS 0x0000000092b00000| PB 0x0000000092b00000| Complete |  0
| 300|0x0000000092c00000, 0x0000000092d00000, 0x0000000092d00000|100%| O|  |TAMS 0x0000000092c00000| PB 0x0000000092c00000| Untracked |  0
| 301|0x0000000092d00000, 0x0000000092e00000, 0x0000000092e00000|100%| O|  |TAMS 0x0000000092d00000| PB 0x0000000092d00000| Untracked |  0
| 302|0x0000000092e00000, 0x0000000092f00000, 0x0000000092f00000|100%| O|  |TAMS 0x0000000092e00000| PB 0x0000000092e00000| Untracked |  0
| 303|0x0000000092f00000, 0x0000000093000000, 0x0000000093000000|100%| O|  |TAMS 0x0000000092f00000| PB 0x0000000092f00000| Untracked |  0
| 304|0x0000000093000000, 0x0000000093100000, 0x0000000093100000|100%| O|  |TAMS 0x0000000093000000| PB 0x0000000093000000| Untracked |  0
| 305|0x0000000093100000, 0x0000000093200000, 0x0000000093200000|100%| O|  |TAMS 0x0000000093100000| PB 0x0000000093100000| Untracked |  0
| 306|0x0000000093200000, 0x0000000093300000, 0x0000000093300000|100%| O|  |TAMS 0x0000000093200000| PB 0x0000000093200000| Untracked |  0
| 307|0x0000000093300000, 0x0000000093400000, 0x0000000093400000|100%| O|  |TAMS 0x0000000093300000| PB 0x0000000093300000| Untracked |  0
| 308|0x0000000093400000, 0x0000000093500000, 0x0000000093500000|100%| O|  |TAMS 0x0000000093400000| PB 0x0000000093400000| Untracked |  0
| 309|0x0000000093500000, 0x0000000093600000, 0x0000000093600000|100%| O|  |TAMS 0x0000000093500000| PB 0x0000000093500000| Untracked |  0
| 310|0x0000000093600000, 0x0000000093700000, 0x0000000093700000|100%| O|  |TAMS 0x0000000093600000| PB 0x0000000093600000| Untracked |  0
| 311|0x0000000093700000, 0x0000000093800000, 0x0000000093800000|100%| O|  |TAMS 0x0000000093700000| PB 0x0000000093700000| Untracked |  0
| 312|0x0000000093800000, 0x0000000093900000, 0x0000000093900000|100%| O|  |TAMS 0x0000000093800000| PB 0x0000000093800000| Untracked |  0
| 313|0x0000000093900000, 0x0000000093a00000, 0x0000000093a00000|100%| O|  |TAMS 0x0000000093900000| PB 0x0000000093900000| Untracked |  0
| 314|0x0000000093a00000, 0x0000000093b00000, 0x0000000093b00000|100%| O|  |TAMS 0x0000000093a00000| PB 0x0000000093a00000| Untracked |  0
| 315|0x0000000093b00000, 0x0000000093c00000, 0x0000000093c00000|100%| O|  |TAMS 0x0000000093b00000| PB 0x0000000093b00000| Untracked |  0
| 316|0x0000000093c00000, 0x0000000093d00000, 0x0000000093d00000|100%| O|  |TAMS 0x0000000093c00000| PB 0x0000000093c00000| Untracked |  0
| 317|0x0000000093d00000, 0x0000000093e00000, 0x0000000093e00000|100%| O|  |TAMS 0x0000000093d00000| PB 0x0000000093d00000| Untracked |  0
| 318|0x0000000093e00000, 0x0000000093f00000, 0x0000000093f00000|100%| O|  |TAMS 0x0000000093e00000| PB 0x0000000093e00000| Untracked |  0
| 319|0x0000000093f00000, 0x0000000094000000, 0x0000000094000000|100%| O|CS|TAMS 0x0000000093f00000| PB 0x0000000093f00000| Complete |  0
| 320|0x0000000094000000, 0x0000000094100000, 0x0000000094100000|100%| O|  |TAMS 0x0000000094000000| PB 0x0000000094000000| Untracked |  0
| 321|0x0000000094100000, 0x0000000094200000, 0x0000000094200000|100%| O|  |TAMS 0x0000000094100000| PB 0x0000000094100000| Untracked |  0
| 322|0x0000000094200000, 0x0000000094300000, 0x0000000094300000|100%| O|  |TAMS 0x0000000094200000| PB 0x0000000094200000| Untracked |  0
| 323|0x0000000094300000, 0x0000000094400000, 0x0000000094400000|100%| O|  |TAMS 0x0000000094300000| PB 0x0000000094300000| Untracked |  0
| 324|0x0000000094400000, 0x0000000094500000, 0x0000000094500000|100%| O|  |TAMS 0x0000000094400000| PB 0x0000000094400000| Untracked |  0
| 325|0x0000000094500000, 0x0000000094600000, 0x0000000094600000|100%| O|  |TAMS 0x0000000094500000| PB 0x0000000094500000| Untracked |  0
| 326|0x0000000094600000, 0x0000000094700000, 0x0000000094700000|100%| O|  |TAMS 0x0000000094600000| PB 0x0000000094600000| Untracked |  0
| 327|0x0000000094700000, 0x0000000094800000, 0x0000000094800000|100%| O|  |TAMS 0x0000000094700000| PB 0x0000000094700000| Untracked |  0
| 328|0x0000000094800000, 0x0000000094900000, 0x0000000094900000|100%| O|CS|TAMS 0x0000000094800000| PB 0x0000000094800000| Complete |  0
| 329|0x0000000094900000, 0x0000000094a00000, 0x0000000094a00000|100%| O|  |TAMS 0x0000000094900000| PB 0x0000000094900000| Untracked |  0
| 330|0x0000000094a00000, 0x0000000094b00000, 0x0000000094b00000|100%| O|  |TAMS 0x0000000094a00000| PB 0x0000000094a00000| Untracked |  0
| 331|0x0000000094b00000, 0x0000000094c00000, 0x0000000094c00000|100%| O|  |TAMS 0x0000000094b00000| PB 0x0000000094b00000| Untracked |  0
| 332|0x0000000094c00000, 0x0000000094d00000, 0x0000000094d00000|100%| O|  |TAMS 0x0000000094c00000| PB 0x0000000094c00000| Untracked |  0
| 333|0x0000000094d00000, 0x0000000094e00000, 0x0000000094e00000|100%| O|  |TAMS 0x0000000094d00000| PB 0x0000000094d00000| Untracked |  0
| 334|0x0000000094e00000, 0x0000000094f00000, 0x0000000094f00000|100%| O|  |TAMS 0x0000000094e00000| PB 0x0000000094e00000| Untracked |  0
| 335|0x0000000094f00000, 0x0000000095000000, 0x0000000095000000|100%| O|  |TAMS 0x0000000094f00000| PB 0x0000000094f00000| Untracked |  0
| 336|0x0000000095000000, 0x0000000095100000, 0x0000000095100000|100%| O|  |TAMS 0x0000000095000000| PB 0x0000000095000000| Untracked |  0
| 337|0x0000000095100000, 0x0000000095200000, 0x0000000095200000|100%| O|  |TAMS 0x0000000095100000| PB 0x0000000095100000| Untracked |  0
| 338|0x0000000095200000, 0x0000000095300000, 0x0000000095300000|100%| O|  |TAMS 0x0000000095200000| PB 0x0000000095200000| Untracked |  0
| 339|0x0000000095300000, 0x0000000095400000, 0x0000000095400000|100%| O|  |TAMS 0x0000000095300000| PB 0x0000000095300000| Untracked |  0
| 340|0x0000000095400000, 0x0000000095500000, 0x0000000095500000|100%| O|  |TAMS 0x0000000095400000| PB 0x0000000095400000| Untracked |  0
| 341|0x0000000095500000, 0x0000000095600000, 0x0000000095600000|100%| O|  |TAMS 0x0000000095500000| PB 0x0000000095500000| Untracked |  0
| 342|0x0000000095600000, 0x0000000095700000, 0x0000000095700000|100%| O|  |TAMS 0x0000000095600000| PB 0x0000000095600000| Untracked |  0
| 343|0x0000000095700000, 0x0000000095800000, 0x0000000095800000|100%| O|  |TAMS 0x0000000095700000| PB 0x0000000095700000| Untracked |  0
| 344|0x0000000095800000, 0x0000000095900000, 0x0000000095900000|100%| O|  |TAMS 0x0000000095800000| PB 0x0000000095800000| Untracked |  0
| 345|0x0000000095900000, 0x0000000095a00000, 0x0000000095a00000|100%| O|  |TAMS 0x0000000095900000| PB 0x0000000095900000| Untracked |  0
| 346|0x0000000095a00000, 0x0000000095b00000, 0x0000000095b00000|100%| O|  |TAMS 0x0000000095a00000| PB 0x0000000095a00000| Untracked |  0
| 347|0x0000000095b00000, 0x0000000095c00000, 0x0000000095c00000|100%| O|  |TAMS 0x0000000095b00000| PB 0x0000000095b00000| Untracked |  0
| 348|0x0000000095c00000, 0x0000000095d00000, 0x0000000095d00000|100%| O|  |TAMS 0x0000000095c00000| PB 0x0000000095c00000| Untracked |  0
| 349|0x0000000095d00000, 0x0000000095e00000, 0x0000000095e00000|100%| O|  |TAMS 0x0000000095d00000| PB 0x0000000095d00000| Untracked |  0
| 350|0x0000000095e00000, 0x0000000095f00000, 0x0000000095f00000|100%| O|  |TAMS 0x0000000095e00000| PB 0x0000000095e00000| Untracked |  0
| 351|0x0000000095f00000, 0x0000000096000000, 0x0000000096000000|100%| O|CS|TAMS 0x0000000095f00000| PB 0x0000000095f00000| Complete |  0
| 352|0x0000000096000000, 0x0000000096100000, 0x0000000096100000|100%| O|  |TAMS 0x0000000096000000| PB 0x0000000096000000| Untracked |  0
| 353|0x0000000096100000, 0x0000000096200000, 0x0000000096200000|100%| E|CS|TAMS 0x0000000096100000| PB 0x0000000096100000| Complete |  0
| 354|0x0000000096200000, 0x0000000096300000, 0x0000000096300000|100%| O|CS|TAMS 0x0000000096200000| PB 0x0000000096200000| Complete |  0
| 355|0x0000000096300000, 0x0000000096400000, 0x0000000096400000|100%| O|  |TAMS 0x0000000096300000| PB 0x0000000096300000| Untracked |  0
| 356|0x0000000096400000, 0x0000000096500000, 0x0000000096500000|100%| O|  |TAMS 0x0000000096400000| PB 0x0000000096400000| Untracked |  0
| 357|0x0000000096500000, 0x0000000096600000, 0x0000000096600000|100%| O|  |TAMS 0x0000000096500000| PB 0x0000000096500000| Untracked |  0
| 358|0x0000000096600000, 0x0000000096700000, 0x0000000096700000|100%| O|  |TAMS 0x0000000096600000| PB 0x0000000096600000| Untracked |  0
| 359|0x0000000096700000, 0x0000000096800000, 0x0000000096800000|100%| O|  |TAMS 0x0000000096700000| PB 0x0000000096700000| Untracked |  0
| 360|0x0000000096800000, 0x0000000096900000, 0x0000000096900000|100%| O|  |TAMS 0x0000000096800000| PB 0x0000000096800000| Untracked |  0
| 361|0x0000000096900000, 0x0000000096a00000, 0x0000000096a00000|100%| E|CS|TAMS 0x0000000096900000| PB 0x0000000096900000| Complete |  0
| 362|0x0000000096a00000, 0x0000000096b00000, 0x0000000096b00000|100%| O|  |TAMS 0x0000000096a00000| PB 0x0000000096a00000| Untracked |  0
| 363|0x0000000096b00000, 0x0000000096c00000, 0x0000000096c00000|100%| O|  |TAMS 0x0000000096b00000| PB 0x0000000096b00000| Untracked |  0
| 364|0x0000000096c00000, 0x0000000096d00000, 0x0000000096d00000|100%| O|CS|TAMS 0x0000000096c00000| PB 0x0000000096c00000| Complete |  0
| 365|0x0000000096d00000, 0x0000000096e00000, 0x0000000096e00000|100%| E|CS|TAMS 0x0000000096d00000| PB 0x0000000096d00000| Complete |  0
| 366|0x0000000096e00000, 0x0000000096f00000, 0x0000000096f00000|100%| O|CS|TAMS 0x0000000096e00000| PB 0x0000000096e00000| Complete |  0
| 367|0x0000000096f00000, 0x0000000097000000, 0x0000000097000000|100%| O|  |TAMS 0x0000000096f00000| PB 0x0000000096f00000| Untracked |  0
| 368|0x0000000097000000, 0x0000000097100000, 0x0000000097100000|100%| O|CS|TAMS 0x0000000097000000| PB 0x0000000097000000| Complete |  0
| 369|0x0000000097100000, 0x0000000097200000, 0x0000000097200000|100%| O|  |TAMS 0x0000000097100000| PB 0x0000000097100000| Untracked |  0
| 370|0x0000000097200000, 0x0000000097300000, 0x0000000097300000|100%| O|  |TAMS 0x0000000097200000| PB 0x0000000097200000| Untracked |  0
| 371|0x0000000097300000, 0x0000000097400000, 0x0000000097400000|100%| O|  |TAMS 0x0000000097300000| PB 0x0000000097300000| Untracked |  0
| 372|0x0000000097400000, 0x0000000097500000, 0x0000000097500000|100%| O|  |TAMS 0x0000000097400000| PB 0x0000000097400000| Untracked |  0
| 373|0x0000000097500000, 0x0000000097600000, 0x0000000097600000|100%| E|CS|TAMS 0x0000000097500000| PB 0x0000000097500000| Complete |  0
| 374|0x0000000097600000, 0x0000000097700000, 0x0000000097700000|100%| O|  |TAMS 0x0000000097600000| PB 0x0000000097600000| Untracked |  0
| 375|0x0000000097700000, 0x0000000097800000, 0x0000000097800000|100%| O|CS|TAMS 0x0000000097700000| PB 0x0000000097700000| Complete |  0
| 376|0x0000000097800000, 0x0000000097900000, 0x0000000097900000|100%| O|  |TAMS 0x0000000097800000| PB 0x0000000097800000| Untracked |  0
| 377|0x0000000097900000, 0x0000000097a00000, 0x0000000097a00000|100%| E|CS|TAMS 0x0000000097900000| PB 0x0000000097900000| Complete |  0
| 378|0x0000000097a00000, 0x0000000097b00000, 0x0000000097b00000|100%| O|CS|TAMS 0x0000000097a00000| PB 0x0000000097a00000| Complete |  0
| 379|0x0000000097b00000, 0x0000000097c00000, 0x0000000097c00000|100%| O|  |TAMS 0x0000000097b00000| PB 0x0000000097b00000| Untracked |  0
| 380|0x0000000097c00000, 0x0000000097d00000, 0x0000000097d00000|100%| O|CS|TAMS 0x0000000097c00000| PB 0x0000000097c00000| Complete |  0
| 381|0x0000000097d00000, 0x0000000097e00000, 0x0000000097e00000|100%| O|CS|TAMS 0x0000000097d00000| PB 0x0000000097d00000| Complete |  0
| 382|0x0000000097e00000, 0x0000000097f00000, 0x0000000097f00000|100%| O|CS|TAMS 0x0000000097e00000| PB 0x0000000097e00000| Complete |  0
| 383|0x0000000097f00000, 0x0000000098000000, 0x0000000098000000|100%| O|  |TAMS 0x0000000097f00000| PB 0x0000000097f00000| Untracked |  0
| 384|0x0000000098000000, 0x0000000098100000, 0x0000000098100000|100%| O|CS|TAMS 0x0000000098000000| PB 0x0000000098000000| Complete |  0
| 385|0x0000000098100000, 0x0000000098200000, 0x0000000098200000|100%| O|CS|TAMS 0x0000000098100000| PB 0x0000000098100000| Complete |  0
| 386|0x0000000098200000, 0x0000000098300000, 0x0000000098300000|100%| O|  |TAMS 0x0000000098200000| PB 0x0000000098200000| Untracked |  0
| 387|0x0000000098300000, 0x0000000098400000, 0x0000000098400000|100%| O|  |TAMS 0x0000000098300000| PB 0x0000000098300000| Untracked |  0
| 388|0x0000000098400000, 0x0000000098500000, 0x0000000098500000|100%| O|  |TAMS 0x0000000098400000| PB 0x0000000098400000| Untracked |  0
| 389|0x0000000098500000, 0x0000000098600000, 0x0000000098600000|100%| O|CS|TAMS 0x0000000098500000| PB 0x0000000098500000| Complete |  0
| 390|0x0000000098600000, 0x0000000098700000, 0x0000000098700000|100%| O|  |TAMS 0x0000000098600000| PB 0x0000000098600000| Untracked |  0
| 391|0x0000000098700000, 0x0000000098800000, 0x0000000098800000|100%| O|  |TAMS 0x0000000098700000| PB 0x0000000098700000| Untracked |  0
| 392|0x0000000098800000, 0x0000000098900000, 0x0000000098900000|100%| O|  |TAMS 0x0000000098800000| PB 0x0000000098800000| Untracked |  0
| 393|0x0000000098900000, 0x0000000098a00000, 0x0000000098a00000|100%| E|CS|TAMS 0x0000000098900000| PB 0x0000000098900000| Complete |  0
| 394|0x0000000098a00000, 0x0000000098b00000, 0x0000000098b00000|100%| O|  |TAMS 0x0000000098a00000| PB 0x0000000098a00000| Untracked |  0
| 395|0x0000000098b00000, 0x0000000098c00000, 0x0000000098c00000|100%| O|  |TAMS 0x0000000098b00000| PB 0x0000000098b00000| Untracked |  0
| 396|0x0000000098c00000, 0x0000000098d00000, 0x0000000098d00000|100%| O|CS|TAMS 0x0000000098c00000| PB 0x0000000098c00000| Complete |  0
| 397|0x0000000098d00000, 0x0000000098e00000, 0x0000000098e00000|100%| O|  |TAMS 0x0000000098d00000| PB 0x0000000098d00000| Untracked |  0
| 398|0x0000000098e00000, 0x0000000098f00000, 0x0000000098f00000|100%| O|CS|TAMS 0x0000000098e00000| PB 0x0000000098e00000| Complete |  0
| 399|0x0000000098f00000, 0x0000000099000000, 0x0000000099000000|100%| O|  |TAMS 0x0000000098f00000| PB 0x0000000098f00000| Untracked |  0
| 400|0x0000000099000000, 0x0000000099100000, 0x0000000099100000|100%| O|CS|TAMS 0x0000000099000000| PB 0x0000000099000000| Complete |  0
| 401|0x0000000099100000, 0x0000000099200000, 0x0000000099200000|100%| O|  |TAMS 0x0000000099100000| PB 0x0000000099100000| Untracked |  0
| 402|0x0000000099200000, 0x0000000099300000, 0x0000000099300000|100%| O|CS|TAMS 0x0000000099200000| PB 0x0000000099200000| Complete |  0
| 403|0x0000000099300000, 0x0000000099400000, 0x0000000099400000|100%| O|  |TAMS 0x0000000099300000| PB 0x0000000099300000| Untracked |  0
| 404|0x0000000099400000, 0x0000000099500000, 0x0000000099500000|100%| O|  |TAMS 0x0000000099400000| PB 0x0000000099400000| Untracked |  0
| 405|0x0000000099500000, 0x0000000099600000, 0x0000000099600000|100%| O|  |TAMS 0x0000000099500000| PB 0x0000000099500000| Untracked |  0
| 406|0x0000000099600000, 0x0000000099700000, 0x0000000099700000|100%| O|  |TAMS 0x0000000099600000| PB 0x0000000099600000| Untracked |  0
| 407|0x0000000099700000, 0x0000000099800000, 0x0000000099800000|100%| O|  |TAMS 0x0000000099700000| PB 0x0000000099700000| Untracked |  0
| 408|0x0000000099800000, 0x0000000099900000, 0x0000000099900000|100%| O|CS|TAMS 0x0000000099800000| PB 0x0000000099800000| Complete |  0
| 409|0x0000000099900000, 0x0000000099a00000, 0x0000000099a00000|100%| E|CS|TAMS 0x0000000099900000| PB 0x0000000099900000| Complete |  0
| 410|0x0000000099a00000, 0x0000000099b00000, 0x0000000099b00000|100%| O|  |TAMS 0x0000000099a00000| PB 0x0000000099a00000| Untracked |  0
| 411|0x0000000099b00000, 0x0000000099c00000, 0x0000000099c00000|100%| O|  |TAMS 0x0000000099b00000| PB 0x0000000099b00000| Untracked |  0
| 412|0x0000000099c00000, 0x0000000099d00000, 0x0000000099d00000|100%| O|  |TAMS 0x0000000099c00000| PB 0x0000000099c00000| Untracked |  0
| 413|0x0000000099d00000, 0x0000000099e00000, 0x0000000099e00000|100%| O|  |TAMS 0x0000000099d00000| PB 0x0000000099d00000| Untracked |  0
| 414|0x0000000099e00000, 0x0000000099f00000, 0x0000000099f00000|100%| O|  |TAMS 0x0000000099e00000| PB 0x0000000099e00000| Untracked |  0
| 415|0x0000000099f00000, 0x000000009a000000, 0x000000009a000000|100%| E|CS|TAMS 0x0000000099f00000| PB 0x0000000099f00000| Complete |  0
| 416|0x000000009a000000, 0x000000009a100000, 0x000000009a100000|100%| O|  |TAMS 0x000000009a000000| PB 0x000000009a000000| Untracked |  0
| 417|0x000000009a100000, 0x000000009a200000, 0x000000009a200000|100%| O|  |TAMS 0x000000009a100000| PB 0x000000009a100000| Untracked |  0
| 418|0x000000009a200000, 0x000000009a300000, 0x000000009a300000|100%| O|  |TAMS 0x000000009a200000| PB 0x000000009a200000| Untracked |  0
| 419|0x000000009a300000, 0x000000009a400000, 0x000000009a400000|100%| O|CS|TAMS 0x000000009a300000| PB 0x000000009a300000| Complete |  0
| 420|0x000000009a400000, 0x000000009a500000, 0x000000009a500000|100%| E|CS|TAMS 0x000000009a400000| PB 0x000000009a400000| Complete |  0
| 421|0x000000009a500000, 0x000000009a600000, 0x000000009a600000|100%| E|CS|TAMS 0x000000009a500000| PB 0x000000009a500000| Complete |  0
| 422|0x000000009a600000, 0x000000009a700000, 0x000000009a700000|100%| E|CS|TAMS 0x000000009a600000| PB 0x000000009a600000| Complete |  0
| 423|0x000000009a700000, 0x000000009a800000, 0x000000009a800000|100%| O|CS|TAMS 0x000000009a700000| PB 0x000000009a700000| Complete |  0
| 424|0x000000009a800000, 0x000000009a900000, 0x000000009a900000|100%| O|  |TAMS 0x000000009a800000| PB 0x000000009a800000| Untracked |  0
| 425|0x000000009a900000, 0x000000009aa00000, 0x000000009aa00000|100%| O|  |TAMS 0x000000009a900000| PB 0x000000009a900000| Untracked |  0
| 426|0x000000009aa00000, 0x000000009ab00000, 0x000000009ab00000|100%| E|CS|TAMS 0x000000009aa00000| PB 0x000000009aa00000| Complete |  0
| 427|0x000000009ab00000, 0x000000009ac00000, 0x000000009ac00000|100%| O|CS|TAMS 0x000000009ab00000| PB 0x000000009ab00000| Complete |  0
| 428|0x000000009ac00000, 0x000000009ad00000, 0x000000009ad00000|100%| O|  |TAMS 0x000000009ac00000| PB 0x000000009ac00000| Untracked |  0
| 429|0x000000009ad00000, 0x000000009ae00000, 0x000000009ae00000|100%| O|  |TAMS 0x000000009ad00000| PB 0x000000009ad00000| Untracked |  0
| 430|0x000000009ae00000, 0x000000009af00000, 0x000000009af00000|100%| O|  |TAMS 0x000000009ae00000| PB 0x000000009ae00000| Untracked |  0
| 431|0x000000009af00000, 0x000000009b000000, 0x000000009b000000|100%|HS|  |TAMS 0x000000009af00000| PB 0x000000009af00000| Complete |  0
| 432|0x000000009b000000, 0x000000009b100000, 0x000000009b100000|100%|HC|  |TAMS 0x000000009b000000| PB 0x000000009b000000| Complete |  0
| 433|0x000000009b100000, 0x000000009b200000, 0x000000009b200000|100%|HC|  |TAMS 0x000000009b100000| PB 0x000000009b100000| Complete |  0
| 434|0x000000009b200000, 0x000000009b300000, 0x000000009b300000|100%|HS|  |TAMS 0x000000009b200000| PB 0x000000009b200000| Complete |  0
| 435|0x000000009b300000, 0x000000009b400000, 0x000000009b400000|100%|HC|  |TAMS 0x000000009b300000| PB 0x000000009b300000| Complete |  0
| 436|0x000000009b400000, 0x000000009b500000, 0x000000009b500000|100%|HC|  |TAMS 0x000000009b400000| PB 0x000000009b400000| Complete |  0
| 437|0x000000009b500000, 0x000000009b600000, 0x000000009b600000|100%|HC|  |TAMS 0x000000009b500000| PB 0x000000009b500000| Complete |  0
| 438|0x000000009b600000, 0x000000009b700000, 0x000000009b700000|100%|HC|  |TAMS 0x000000009b600000| PB 0x000000009b600000| Complete |  0
| 439|0x000000009b700000, 0x000000009b800000, 0x000000009b800000|100%|HC|  |TAMS 0x000000009b700000| PB 0x000000009b700000| Complete |  0
| 440|0x000000009b800000, 0x000000009b900000, 0x000000009b900000|100%|HC|  |TAMS 0x000000009b800000| PB 0x000000009b800000| Complete |  0
| 441|0x000000009b900000, 0x000000009ba00000, 0x000000009ba00000|100%| E|CS|TAMS 0x000000009b900000| PB 0x000000009b900000| Complete |  0
| 442|0x000000009ba00000, 0x000000009bb00000, 0x000000009bb00000|100%| O|  |TAMS 0x000000009ba00000| PB 0x000000009ba00000| Untracked |  0
| 443|0x000000009bb00000, 0x000000009bc00000, 0x000000009bc00000|100%| O|CS|TAMS 0x000000009bb00000| PB 0x000000009bb00000| Complete |  0
| 444|0x000000009bc00000, 0x000000009bd00000, 0x000000009bd00000|100%| O|CS|TAMS 0x000000009bc00000| PB 0x000000009bc00000| Complete |  0
| 445|0x000000009bd00000, 0x000000009be00000, 0x000000009be00000|100%| E|CS|TAMS 0x000000009bd00000| PB 0x000000009bd00000| Complete |  0
| 446|0x000000009be00000, 0x000000009bf00000, 0x000000009bf00000|100%| E|CS|TAMS 0x000000009be00000| PB 0x000000009be00000| Complete |  0
| 447|0x000000009bf00000, 0x000000009c000000, 0x000000009c000000|100%| O|  |TAMS 0x000000009bf00000| PB 0x000000009bf00000| Untracked |  0
| 448|0x000000009c000000, 0x000000009c100000, 0x000000009c100000|100%| E|CS|TAMS 0x000000009c000000| PB 0x000000009c000000| Complete |  0
| 449|0x000000009c100000, 0x000000009c200000, 0x000000009c200000|100%| E|CS|TAMS 0x000000009c100000| PB 0x000000009c100000| Complete |  0
| 450|0x000000009c200000, 0x000000009c300000, 0x000000009c300000|100%| E|CS|TAMS 0x000000009c200000| PB 0x000000009c200000| Complete |  0
| 451|0x000000009c300000, 0x000000009c400000, 0x000000009c400000|100%| E|CS|TAMS 0x000000009c300000| PB 0x000000009c300000| Complete |  0
| 452|0x000000009c400000, 0x000000009c500000, 0x000000009c500000|100%| E|CS|TAMS 0x000000009c400000| PB 0x000000009c400000| Complete |  0
| 453|0x000000009c500000, 0x000000009c600000, 0x000000009c600000|100%| E|CS|TAMS 0x000000009c500000| PB 0x000000009c500000| Complete |  0
| 454|0x000000009c600000, 0x000000009c700000, 0x000000009c700000|100%| O|  |TAMS 0x000000009c600000| PB 0x000000009c600000| Untracked |  0
| 455|0x000000009c700000, 0x000000009c800000, 0x000000009c800000|100%| O|  |TAMS 0x000000009c700000| PB 0x000000009c700000| Untracked |  0
| 456|0x000000009c800000, 0x000000009c900000, 0x000000009c900000|100%| O|  |TAMS 0x000000009c800000| PB 0x000000009c800000| Untracked |  0
| 457|0x000000009c900000, 0x000000009ca00000, 0x000000009ca00000|100%| O|  |TAMS 0x000000009c900000| PB 0x000000009c900000| Untracked |  0
| 458|0x000000009ca00000, 0x000000009cb00000, 0x000000009cb00000|100%| O|CS|TAMS 0x000000009ca00000| PB 0x000000009ca00000| Complete |  0
| 459|0x000000009cb00000, 0x000000009cc00000, 0x000000009cc00000|100%| O|  |TAMS 0x000000009cb00000| PB 0x000000009cb00000| Untracked |  0
| 460|0x000000009cc00000, 0x000000009cd00000, 0x000000009cd00000|100%| E|CS|TAMS 0x000000009cc00000| PB 0x000000009cc00000| Complete |  0
| 461|0x000000009cd00000, 0x000000009ce00000, 0x000000009ce00000|100%| O|  |TAMS 0x000000009cd00000| PB 0x000000009cd00000| Untracked |  0
| 462|0x000000009ce00000, 0x000000009cf00000, 0x000000009cf00000|100%| O|  |TAMS 0x000000009ce00000| PB 0x000000009ce00000| Untracked |  0
| 463|0x000000009cf00000, 0x000000009d000000, 0x000000009d000000|100%| O|  |TAMS 0x000000009cf00000| PB 0x000000009cf00000| Untracked |  0
| 464|0x000000009d000000, 0x000000009d100000, 0x000000009d100000|100%| O|  |TAMS 0x000000009d000000| PB 0x000000009d000000| Untracked |  0
| 465|0x000000009d100000, 0x000000009d200000, 0x000000009d200000|100%| O|  |TAMS 0x000000009d100000| PB 0x000000009d100000| Untracked |  0
| 466|0x000000009d200000, 0x000000009d300000, 0x000000009d300000|100%| E|CS|TAMS 0x000000009d200000| PB 0x000000009d200000| Complete |  0
| 467|0x000000009d300000, 0x000000009d400000, 0x000000009d400000|100%| O|  |TAMS 0x000000009d300000| PB 0x000000009d300000| Untracked |  0
| 468|0x000000009d400000, 0x000000009d500000, 0x000000009d500000|100%| O|CS|TAMS 0x000000009d400000| PB 0x000000009d400000| Complete |  0
| 469|0x000000009d500000, 0x000000009d600000, 0x000000009d600000|100%| O|  |TAMS 0x000000009d500000| PB 0x000000009d500000| Untracked |  0
| 470|0x000000009d600000, 0x000000009d700000, 0x000000009d700000|100%| O|  |TAMS 0x000000009d600000| PB 0x000000009d600000| Untracked |  0
| 471|0x000000009d700000, 0x000000009d800000, 0x000000009d800000|100%| O|  |TAMS 0x000000009d700000| PB 0x000000009d700000| Untracked |  0
| 472|0x000000009d800000, 0x000000009d900000, 0x000000009d900000|100%| O|CS|TAMS 0x000000009d800000| PB 0x000000009d800000| Complete |  0
| 473|0x000000009d900000, 0x000000009da00000, 0x000000009da00000|100%| O|  |TAMS 0x000000009d900000| PB 0x000000009d900000| Untracked |  0
| 474|0x000000009da00000, 0x000000009db00000, 0x000000009db00000|100%| O|CS|TAMS 0x000000009da00000| PB 0x000000009da00000| Complete |  0
| 475|0x000000009db00000, 0x000000009dc00000, 0x000000009dc00000|100%| O|  |TAMS 0x000000009db00000| PB 0x000000009db00000| Untracked |  0
| 476|0x000000009dc00000, 0x000000009dd00000, 0x000000009dd00000|100%| O|CS|TAMS 0x000000009dc00000| PB 0x000000009dc00000| Complete |  0
| 477|0x000000009dd00000, 0x000000009de00000, 0x000000009de00000|100%| O|  |TAMS 0x000000009dd00000| PB 0x000000009dd00000| Untracked |  0
| 478|0x000000009de00000, 0x000000009df00000, 0x000000009df00000|100%| O|CS|TAMS 0x000000009de00000| PB 0x000000009de00000| Complete |  0
| 479|0x000000009df00000, 0x000000009e000000, 0x000000009e000000|100%| O|CS|TAMS 0x000000009df00000| PB 0x000000009df00000| Complete |  0
| 480|0x000000009e000000, 0x000000009e100000, 0x000000009e100000|100%| O|CS|TAMS 0x000000009e000000| PB 0x000000009e000000| Complete |  0
| 481|0x000000009e100000, 0x000000009e200000, 0x000000009e200000|100%| O|  |TAMS 0x000000009e100000| PB 0x000000009e100000| Untracked |  0
| 482|0x000000009e200000, 0x000000009e300000, 0x000000009e300000|100%| O|  |TAMS 0x000000009e200000| PB 0x000000009e200000| Untracked |  0
| 483|0x000000009e300000, 0x000000009e400000, 0x000000009e400000|100%| O|  |TAMS 0x000000009e300000| PB 0x000000009e300000| Untracked |  0
| 484|0x000000009e400000, 0x000000009e500000, 0x000000009e500000|100%| O|  |TAMS 0x000000009e400000| PB 0x000000009e400000| Untracked |  0
| 485|0x000000009e500000, 0x000000009e600000, 0x000000009e600000|100%| E|CS|TAMS 0x000000009e500000| PB 0x000000009e500000| Complete |  0
| 486|0x000000009e600000, 0x000000009e700000, 0x000000009e700000|100%| O|  |TAMS 0x000000009e600000| PB 0x000000009e600000| Untracked |  0
| 487|0x000000009e700000, 0x000000009e800000, 0x000000009e800000|100%| O|CS|TAMS 0x000000009e700000| PB 0x000000009e700000| Complete |  0
| 488|0x000000009e800000, 0x000000009e900000, 0x000000009e900000|100%| O|  |TAMS 0x000000009e800000| PB 0x000000009e800000| Untracked |  0
| 489|0x000000009e900000, 0x000000009ea00000, 0x000000009ea00000|100%| E|CS|TAMS 0x000000009e900000| PB 0x000000009e900000| Complete |  0
| 490|0x000000009ea00000, 0x000000009eb00000, 0x000000009eb00000|100%| E|CS|TAMS 0x000000009ea00000| PB 0x000000009ea00000| Complete |  0
| 491|0x000000009eb00000, 0x000000009ec00000, 0x000000009ec00000|100%| O|  |TAMS 0x000000009eb00000| PB 0x000000009eb00000| Untracked |  0
| 492|0x000000009ec00000, 0x000000009ed00000, 0x000000009ed00000|100%| O|CS|TAMS 0x000000009ec00000| PB 0x000000009ec00000| Complete |  0
| 493|0x000000009ed00000, 0x000000009ee00000, 0x000000009ee00000|100%| E|CS|TAMS 0x000000009ed00000| PB 0x000000009ed00000| Complete |  0
| 494|0x000000009ee00000, 0x000000009ef00000, 0x000000009ef00000|100%| O|  |TAMS 0x000000009ee00000| PB 0x000000009ee00000| Untracked |  0
| 495|0x000000009ef00000, 0x000000009f000000, 0x000000009f000000|100%| O|  |TAMS 0x000000009ef00000| PB 0x000000009ef00000| Untracked |  0
| 496|0x000000009f000000, 0x000000009f100000, 0x000000009f100000|100%| O|  |TAMS 0x000000009f000000| PB 0x000000009f000000| Untracked |  0
| 497|0x000000009f100000, 0x000000009f200000, 0x000000009f200000|100%| O|  |TAMS 0x000000009f100000| PB 0x000000009f100000| Untracked |  0
| 498|0x000000009f200000, 0x000000009f300000, 0x000000009f300000|100%| O|  |TAMS 0x000000009f200000| PB 0x000000009f200000| Untracked |  0
| 499|0x000000009f300000, 0x000000009f400000, 0x000000009f400000|100%| O|  |TAMS 0x000000009f300000| PB 0x000000009f300000| Untracked |  0
| 500|0x000000009f400000, 0x000000009f500000, 0x000000009f500000|100%| O|  |TAMS 0x000000009f400000| PB 0x000000009f400000| Untracked |  0
| 501|0x000000009f500000, 0x000000009f600000, 0x000000009f600000|100%| O|  |TAMS 0x000000009f500000| PB 0x000000009f500000| Untracked |  0
| 502|0x000000009f600000, 0x000000009f700000, 0x000000009f700000|100%| O|  |TAMS 0x000000009f600000| PB 0x000000009f600000| Untracked |  0
| 503|0x000000009f700000, 0x000000009f800000, 0x000000009f800000|100%| O|  |TAMS 0x000000009f700000| PB 0x000000009f700000| Untracked |  0
| 504|0x000000009f800000, 0x000000009f900000, 0x000000009f900000|100%| O|  |TAMS 0x000000009f800000| PB 0x000000009f800000| Untracked |  0
| 505|0x000000009f900000, 0x000000009fa00000, 0x000000009fa00000|100%| O|  |TAMS 0x000000009f900000| PB 0x000000009f900000| Untracked |  0
| 506|0x000000009fa00000, 0x000000009fb00000, 0x000000009fb00000|100%| O|  |TAMS 0x000000009fa00000| PB 0x000000009fa00000| Untracked |  0
| 507|0x000000009fb00000, 0x000000009fc00000, 0x000000009fc00000|100%| E|CS|TAMS 0x000000009fb00000| PB 0x000000009fb00000| Complete |  0
| 508|0x000000009fc00000, 0x000000009fd00000, 0x000000009fd00000|100%| E|CS|TAMS 0x000000009fc00000| PB 0x000000009fc00000| Complete |  0
| 509|0x000000009fd00000, 0x000000009fe00000, 0x000000009fe00000|100%| O|CS|TAMS 0x000000009fd00000| PB 0x000000009fd00000| Complete |  0
| 510|0x000000009fe00000, 0x000000009ff00000, 0x000000009ff00000|100%| E|CS|TAMS 0x000000009fe00000| PB 0x000000009fe00000| Complete |  0
| 511|0x000000009ff00000, 0x00000000a0000000, 0x00000000a0000000|100%| O|  |TAMS 0x000000009ff00000| PB 0x000000009ff00000| Untracked |  0
| 512|0x00000000a0000000, 0x00000000a0100000, 0x00000000a0100000|100%| O|  |TAMS 0x00000000a0000000| PB 0x00000000a0000000| Untracked |  0
| 513|0x00000000a0100000, 0x00000000a0200000, 0x00000000a0200000|100%| E|CS|TAMS 0x00000000a0100000| PB 0x00000000a0100000| Complete |  0
| 514|0x00000000a0200000, 0x00000000a0300000, 0x00000000a0300000|100%| O|CS|TAMS 0x00000000a0200000| PB 0x00000000a0200000| Complete |  0
| 515|0x00000000a0300000, 0x00000000a0400000, 0x00000000a0400000|100%| O|  |TAMS 0x00000000a0300000| PB 0x00000000a0300000| Untracked |  0
| 516|0x00000000a0400000, 0x00000000a0500000, 0x00000000a0500000|100%| O|  |TAMS 0x00000000a0400000| PB 0x00000000a0400000| Untracked |  0
| 517|0x00000000a0500000, 0x00000000a0600000, 0x00000000a0600000|100%| O|  |TAMS 0x00000000a0500000| PB 0x00000000a0500000| Untracked |  0
| 518|0x00000000a0600000, 0x00000000a0700000, 0x00000000a0700000|100%| O|CS|TAMS 0x00000000a0600000| PB 0x00000000a0600000| Complete |  0
| 519|0x00000000a0700000, 0x00000000a0800000, 0x00000000a0800000|100%| O|  |TAMS 0x00000000a0700000| PB 0x00000000a0700000| Untracked |  0
| 520|0x00000000a0800000, 0x00000000a0900000, 0x00000000a0900000|100%| O|  |TAMS 0x00000000a0800000| PB 0x00000000a0800000| Untracked |  0
| 521|0x00000000a0900000, 0x00000000a0a00000, 0x00000000a0a00000|100%| O|CS|TAMS 0x00000000a0900000| PB 0x00000000a0900000| Complete |  0
| 522|0x00000000a0a00000, 0x00000000a0b00000, 0x00000000a0b00000|100%| O|CS|TAMS 0x00000000a0a00000| PB 0x00000000a0a00000| Complete |  0
| 523|0x00000000a0b00000, 0x00000000a0c00000, 0x00000000a0c00000|100%| O|CS|TAMS 0x00000000a0b00000| PB 0x00000000a0b00000| Complete |  0
| 524|0x00000000a0c00000, 0x00000000a0d00000, 0x00000000a0d00000|100%| O|  |TAMS 0x00000000a0c00000| PB 0x00000000a0c00000| Untracked |  0
| 525|0x00000000a0d00000, 0x00000000a0e00000, 0x00000000a0e00000|100%| O|  |TAMS 0x00000000a0d00000| PB 0x00000000a0d00000| Untracked |  0
| 526|0x00000000a0e00000, 0x00000000a0f00000, 0x00000000a0f00000|100%| O|CS|TAMS 0x00000000a0e00000| PB 0x00000000a0e00000| Complete |  0
| 527|0x00000000a0f00000, 0x00000000a1000000, 0x00000000a1000000|100%| E|CS|TAMS 0x00000000a0f00000| PB 0x00000000a0f00000| Complete |  0
| 528|0x00000000a1000000, 0x00000000a1100000, 0x00000000a1100000|100%| O|  |TAMS 0x00000000a1000000| PB 0x00000000a1000000| Untracked |  0
| 529|0x00000000a1100000, 0x00000000a1200000, 0x00000000a1200000|100%| E|CS|TAMS 0x00000000a1100000| PB 0x00000000a1100000| Complete |  0
| 530|0x00000000a1200000, 0x00000000a1300000, 0x00000000a1300000|100%| O|  |TAMS 0x00000000a1200000| PB 0x00000000a1200000| Untracked |  0
| 531|0x00000000a1300000, 0x00000000a1400000, 0x00000000a1400000|100%| O|  |TAMS 0x00000000a1300000| PB 0x00000000a1300000| Untracked |  0
| 532|0x00000000a1400000, 0x00000000a1500000, 0x00000000a1500000|100%| O|  |TAMS 0x00000000a1400000| PB 0x00000000a1400000| Untracked |  0
| 533|0x00000000a1500000, 0x00000000a1600000, 0x00000000a1600000|100%| O|  |TAMS 0x00000000a1500000| PB 0x00000000a1500000| Untracked |  0
| 534|0x00000000a1600000, 0x00000000a1700000, 0x00000000a1700000|100%| O|  |TAMS 0x00000000a1600000| PB 0x00000000a1600000| Untracked |  0
| 535|0x00000000a1700000, 0x00000000a1800000, 0x00000000a1800000|100%| O|  |TAMS 0x00000000a1700000| PB 0x00000000a1700000| Untracked |  0
| 536|0x00000000a1800000, 0x00000000a1900000, 0x00000000a1900000|100%| O|  |TAMS 0x00000000a1800000| PB 0x00000000a1800000| Untracked |  0
| 537|0x00000000a1900000, 0x00000000a1a00000, 0x00000000a1a00000|100%| O|  |TAMS 0x00000000a1900000| PB 0x00000000a1900000| Untracked |  0
| 538|0x00000000a1a00000, 0x00000000a1b00000, 0x00000000a1b00000|100%| O|CS|TAMS 0x00000000a1a00000| PB 0x00000000a1a00000| Complete |  0
| 539|0x00000000a1b00000, 0x00000000a1c00000, 0x00000000a1c00000|100%| O|  |TAMS 0x00000000a1b00000| PB 0x00000000a1b00000| Untracked |  0
| 540|0x00000000a1c00000, 0x00000000a1d00000, 0x00000000a1d00000|100%| O|CS|TAMS 0x00000000a1c00000| PB 0x00000000a1c00000| Complete |  0
| 541|0x00000000a1d00000, 0x00000000a1e00000, 0x00000000a1e00000|100%| O|CS|TAMS 0x00000000a1d00000| PB 0x00000000a1d00000| Complete |  0
| 542|0x00000000a1e00000, 0x00000000a1f00000, 0x00000000a1f00000|100%| O|CS|TAMS 0x00000000a1e00000| PB 0x00000000a1e00000| Complete |  0
| 543|0x00000000a1f00000, 0x00000000a2000000, 0x00000000a2000000|100%| O|CS|TAMS 0x00000000a1f00000| PB 0x00000000a1f00000| Complete |  0
| 544|0x00000000a2000000, 0x00000000a2100000, 0x00000000a2100000|100%| O|CS|TAMS 0x00000000a2000000| PB 0x00000000a2000000| Complete |  0
| 545|0x00000000a2100000, 0x00000000a2200000, 0x00000000a2200000|100%| O|  |TAMS 0x00000000a2100000| PB 0x00000000a2100000| Untracked |  0
| 546|0x00000000a2200000, 0x00000000a2300000, 0x00000000a2300000|100%| O|  |TAMS 0x00000000a2200000| PB 0x00000000a2200000| Untracked |  0
| 547|0x00000000a2300000, 0x00000000a2400000, 0x00000000a2400000|100%| O|  |TAMS 0x00000000a2300000| PB 0x00000000a2300000| Untracked |  0
| 548|0x00000000a2400000, 0x00000000a2500000, 0x00000000a2500000|100%| O|  |TAMS 0x00000000a2400000| PB 0x00000000a2400000| Untracked |  0
| 549|0x00000000a2500000, 0x00000000a2600000, 0x00000000a2600000|100%| O|  |TAMS 0x00000000a2500000| PB 0x00000000a2500000| Untracked |  0
| 550|0x00000000a2600000, 0x00000000a2700000, 0x00000000a2700000|100%| O|  |TAMS 0x00000000a2600000| PB 0x00000000a2600000| Untracked |  0
| 551|0x00000000a2700000, 0x00000000a2800000, 0x00000000a2800000|100%| O|  |TAMS 0x00000000a2700000| PB 0x00000000a2700000| Untracked |  0
| 552|0x00000000a2800000, 0x00000000a2900000, 0x00000000a2900000|100%| O|  |TAMS 0x00000000a2800000| PB 0x00000000a2800000| Untracked |  0
| 553|0x00000000a2900000, 0x00000000a2a00000, 0x00000000a2a00000|100%| E|CS|TAMS 0x00000000a2900000| PB 0x00000000a2900000| Complete |  0
| 554|0x00000000a2a00000, 0x00000000a2b00000, 0x00000000a2b00000|100%| E|CS|TAMS 0x00000000a2a00000| PB 0x00000000a2a00000| Complete |  0
| 555|0x00000000a2b00000, 0x00000000a2c00000, 0x00000000a2c00000|100%| E|CS|TAMS 0x00000000a2b00000| PB 0x00000000a2b00000| Complete |  0
| 556|0x00000000a2c00000, 0x00000000a2d00000, 0x00000000a2d00000|100%| E|CS|TAMS 0x00000000a2c00000| PB 0x00000000a2c00000| Complete |  0
| 557|0x00000000a2d00000, 0x00000000a2e00000, 0x00000000a2e00000|100%| E|CS|TAMS 0x00000000a2d00000| PB 0x00000000a2d00000| Complete |  0
| 558|0x00000000a2e00000, 0x00000000a2f00000, 0x00000000a2f00000|100%| E|CS|TAMS 0x00000000a2e00000| PB 0x00000000a2e00000| Complete |  0
| 559|0x00000000a2f00000, 0x00000000a3000000, 0x00000000a3000000|100%| E|CS|TAMS 0x00000000a2f00000| PB 0x00000000a2f00000| Complete |  0
| 560|0x00000000a3000000, 0x00000000a3100000, 0x00000000a3100000|100%| E|CS|TAMS 0x00000000a3000000| PB 0x00000000a3000000| Complete |  0
| 561|0x00000000a3100000, 0x00000000a3200000, 0x00000000a3200000|100%| E|CS|TAMS 0x00000000a3100000| PB 0x00000000a3100000| Complete |  0
| 562|0x00000000a3200000, 0x00000000a3300000, 0x00000000a3300000|100%| O|  |TAMS 0x00000000a3200000| PB 0x00000000a3200000| Untracked |  0
| 563|0x00000000a3300000, 0x00000000a3400000, 0x00000000a3400000|100%| O|  |TAMS 0x00000000a3300000| PB 0x00000000a3300000| Untracked |  0
| 564|0x00000000a3400000, 0x00000000a3500000, 0x00000000a3500000|100%| O|  |TAMS 0x00000000a3400000| PB 0x00000000a3400000| Untracked |  0
| 565|0x00000000a3500000, 0x00000000a3600000, 0x00000000a3600000|100%| O|  |TAMS 0x00000000a3500000| PB 0x00000000a3500000| Untracked |  0
| 566|0x00000000a3600000, 0x00000000a3700000, 0x00000000a3700000|100%| O|  |TAMS 0x00000000a3600000| PB 0x00000000a3600000| Untracked |  0
| 567|0x00000000a3700000, 0x00000000a3800000, 0x00000000a3800000|100%| O|  |TAMS 0x00000000a3700000| PB 0x00000000a3700000| Untracked |  0
| 568|0x00000000a3800000, 0x00000000a3900000, 0x00000000a3900000|100%| O|  |TAMS 0x00000000a3800000| PB 0x00000000a3800000| Untracked |  0
| 569|0x00000000a3900000, 0x00000000a3a00000, 0x00000000a3a00000|100%| O|  |TAMS 0x00000000a3900000| PB 0x00000000a3900000| Untracked |  0
| 570|0x00000000a3a00000, 0x00000000a3b00000, 0x00000000a3b00000|100%| O|  |TAMS 0x00000000a3a00000| PB 0x00000000a3a00000| Untracked |  0
| 571|0x00000000a3b00000, 0x00000000a3c00000, 0x00000000a3c00000|100%| O|CS|TAMS 0x00000000a3b00000| PB 0x00000000a3b00000| Complete |  0
| 572|0x00000000a3c00000, 0x00000000a3d00000, 0x00000000a3d00000|100%| O|CS|TAMS 0x00000000a3c00000| PB 0x00000000a3c00000| Complete |  0
| 573|0x00000000a3d00000, 0x00000000a3e00000, 0x00000000a3e00000|100%| O|  |TAMS 0x00000000a3d00000| PB 0x00000000a3d00000| Untracked |  0
| 574|0x00000000a3e00000, 0x00000000a3f00000, 0x00000000a3f00000|100%| O|CS|TAMS 0x00000000a3e00000| PB 0x00000000a3e00000| Complete |  0
| 575|0x00000000a3f00000, 0x00000000a4000000, 0x00000000a4000000|100%| O|CS|TAMS 0x00000000a3f00000| PB 0x00000000a3f00000| Complete |  0
| 576|0x00000000a4000000, 0x00000000a4100000, 0x00000000a4100000|100%| O|  |TAMS 0x00000000a4000000| PB 0x00000000a4000000| Untracked |  0
| 577|0x00000000a4100000, 0x00000000a4200000, 0x00000000a4200000|100%| O|  |TAMS 0x00000000a4100000| PB 0x00000000a4100000| Untracked |  0
| 578|0x00000000a4200000, 0x00000000a4300000, 0x00000000a4300000|100%| O|  |TAMS 0x00000000a4200000| PB 0x00000000a4200000| Untracked |  0
| 579|0x00000000a4300000, 0x00000000a4400000, 0x00000000a4400000|100%| O|  |TAMS 0x00000000a4300000| PB 0x00000000a4300000| Untracked |  0
| 580|0x00000000a4400000, 0x00000000a4500000, 0x00000000a4500000|100%| O|  |TAMS 0x00000000a4400000| PB 0x00000000a4400000| Untracked |  0
| 581|0x00000000a4500000, 0x00000000a4600000, 0x00000000a4600000|100%| O|  |TAMS 0x00000000a4500000| PB 0x00000000a4500000| Untracked |  0
| 582|0x00000000a4600000, 0x00000000a4700000, 0x00000000a4700000|100%| O|  |TAMS 0x00000000a4600000| PB 0x00000000a4600000| Untracked |  0
| 583|0x00000000a4700000, 0x00000000a4800000, 0x00000000a4800000|100%| O|  |TAMS 0x00000000a4700000| PB 0x00000000a4700000| Untracked |  0
| 584|0x00000000a4800000, 0x00000000a4900000, 0x00000000a4900000|100%| O|  |TAMS 0x00000000a4800000| PB 0x00000000a4800000| Untracked |  0
| 585|0x00000000a4900000, 0x00000000a4a00000, 0x00000000a4a00000|100%| O|  |TAMS 0x00000000a4900000| PB 0x00000000a4900000| Untracked |  0
| 586|0x00000000a4a00000, 0x00000000a4b00000, 0x00000000a4b00000|100%| O|  |TAMS 0x00000000a4a00000| PB 0x00000000a4a00000| Untracked |  0
| 587|0x00000000a4b00000, 0x00000000a4c00000, 0x00000000a4c00000|100%| O|  |TAMS 0x00000000a4b00000| PB 0x00000000a4b00000| Untracked |  0
| 588|0x00000000a4c00000, 0x00000000a4d00000, 0x00000000a4d00000|100%| O|  |TAMS 0x00000000a4c00000| PB 0x00000000a4c00000| Untracked |  0
| 589|0x00000000a4d00000, 0x00000000a4e00000, 0x00000000a4e00000|100%| O|  |TAMS 0x00000000a4d00000| PB 0x00000000a4d00000| Untracked |  0
| 590|0x00000000a4e00000, 0x00000000a4f00000, 0x00000000a4f00000|100%| O|  |TAMS 0x00000000a4e00000| PB 0x00000000a4e00000| Untracked |  0
| 591|0x00000000a4f00000, 0x00000000a5000000, 0x00000000a5000000|100%| O|  |TAMS 0x00000000a4f00000| PB 0x00000000a4f00000| Untracked |  0
| 592|0x00000000a5000000, 0x00000000a5100000, 0x00000000a5100000|100%| O|  |TAMS 0x00000000a5000000| PB 0x00000000a5000000| Untracked |  0
| 593|0x00000000a5100000, 0x00000000a5200000, 0x00000000a5200000|100%| O|  |TAMS 0x00000000a5100000| PB 0x00000000a5100000| Untracked |  0
| 594|0x00000000a5200000, 0x00000000a5300000, 0x00000000a5300000|100%| O|  |TAMS 0x00000000a5200000| PB 0x00000000a5200000| Untracked |  0
| 595|0x00000000a5300000, 0x00000000a5400000, 0x00000000a5400000|100%| O|  |TAMS 0x00000000a5300000| PB 0x00000000a5300000| Untracked |  0
| 596|0x00000000a5400000, 0x00000000a5500000, 0x00000000a5500000|100%| O|  |TAMS 0x00000000a5400000| PB 0x00000000a5400000| Untracked |  0
| 597|0x00000000a5500000, 0x00000000a5600000, 0x00000000a5600000|100%| O|  |TAMS 0x00000000a5500000| PB 0x00000000a5500000| Untracked |  0
| 598|0x00000000a5600000, 0x00000000a5700000, 0x00000000a5700000|100%| O|  |TAMS 0x00000000a5600000| PB 0x00000000a5600000| Untracked |  0
| 599|0x00000000a5700000, 0x00000000a5800000, 0x00000000a5800000|100%| O|  |TAMS 0x00000000a5700000| PB 0x00000000a5700000| Untracked |  0
| 600|0x00000000a5800000, 0x00000000a5900000, 0x00000000a5900000|100%| S|  |TAMS 0x00000000a5800000| PB 0x00000000a5800000| Complete |  0
| 601|0x00000000a5900000, 0x00000000a5a00000, 0x00000000a5a00000|100%| S|  |TAMS 0x00000000a5900000| PB 0x00000000a5900000| Complete |  0
| 602|0x00000000a5a00000, 0x00000000a5b00000, 0x00000000a5b00000|100%| S|  |TAMS 0x00000000a5a00000| PB 0x00000000a5a00000| Complete |  0
| 603|0x00000000a5b00000, 0x00000000a5c00000, 0x00000000a5c00000|100%| S|  |TAMS 0x00000000a5b00000| PB 0x00000000a5b00000| Complete |  0
| 604|0x00000000a5c00000, 0x00000000a5d00000, 0x00000000a5d00000|100%| S|  |TAMS 0x00000000a5c00000| PB 0x00000000a5c00000| Complete |  0
| 605|0x00000000a5d00000, 0x00000000a5e00000, 0x00000000a5e00000|100%| S|  |TAMS 0x00000000a5d00000| PB 0x00000000a5d00000| Complete |  0
| 606|0x00000000a5e00000, 0x00000000a5f00000, 0x00000000a5f00000|100%| S|  |TAMS 0x00000000a5e00000| PB 0x00000000a5e00000| Complete |  0
| 607|0x00000000a5f00000, 0x00000000a6000000, 0x00000000a6000000|100%| S|  |TAMS 0x00000000a5f00000| PB 0x00000000a5f00000| Complete |  0
| 608|0x00000000a6000000, 0x00000000a6100000, 0x00000000a6100000|100%| S|  |TAMS 0x00000000a6000000| PB 0x00000000a6000000| Complete |  0
| 609|0x00000000a6100000, 0x00000000a6200000, 0x00000000a6200000|100%| S|  |TAMS 0x00000000a6100000| PB 0x00000000a6100000| Complete |  0
| 610|0x00000000a6200000, 0x00000000a6300000, 0x00000000a6300000|100%| S|  |TAMS 0x00000000a6200000| PB 0x00000000a6200000| Complete |  0
| 611|0x00000000a6300000, 0x00000000a6400000, 0x00000000a6400000|100%| S|  |TAMS 0x00000000a6300000| PB 0x00000000a6300000| Complete |  0
| 612|0x00000000a6400000, 0x00000000a6500000, 0x00000000a6500000|100%| S|  |TAMS 0x00000000a6400000| PB 0x00000000a6400000| Complete |  0
| 613|0x00000000a6500000, 0x00000000a6600000, 0x00000000a6600000|100%| S|  |TAMS 0x00000000a6500000| PB 0x00000000a6500000| Complete |  0
| 614|0x00000000a6600000, 0x00000000a6700000, 0x00000000a6700000|100%| S|  |TAMS 0x00000000a6600000| PB 0x00000000a6600000| Complete |  0
| 615|0x00000000a6700000, 0x00000000a6800000, 0x00000000a6800000|100%| E|CS|TAMS 0x00000000a6700000| PB 0x00000000a6700000| Complete |  0
| 616|0x00000000a6800000, 0x00000000a6900000, 0x00000000a6900000|100%| E|CS|TAMS 0x00000000a6800000| PB 0x00000000a6800000| Complete |  0
| 617|0x00000000a6900000, 0x00000000a6a00000, 0x00000000a6a00000|100%| E|CS|TAMS 0x00000000a6900000| PB 0x00000000a6900000| Complete |  0
| 618|0x00000000a6a00000, 0x00000000a6b00000, 0x00000000a6b00000|100%| E|CS|TAMS 0x00000000a6a00000| PB 0x00000000a6a00000| Complete |  0
| 619|0x00000000a6b00000, 0x00000000a6c00000, 0x00000000a6c00000|100%| E|CS|TAMS 0x00000000a6b00000| PB 0x00000000a6b00000| Complete |  0
| 620|0x00000000a6c00000, 0x00000000a6d00000, 0x00000000a6d00000|100%| E|CS|TAMS 0x00000000a6c00000| PB 0x00000000a6c00000| Complete |  0
| 621|0x00000000a6d00000, 0x00000000a6e00000, 0x00000000a6e00000|100%| E|CS|TAMS 0x00000000a6d00000| PB 0x00000000a6d00000| Complete |  0
| 622|0x00000000a6e00000, 0x00000000a6f00000, 0x00000000a6f00000|100%| E|CS|TAMS 0x00000000a6e00000| PB 0x00000000a6e00000| Complete |  0
| 623|0x00000000a6f00000, 0x00000000a7000000, 0x00000000a7000000|100%| E|CS|TAMS 0x00000000a6f00000| PB 0x00000000a6f00000| Complete |  0
| 624|0x00000000a7000000, 0x00000000a7100000, 0x00000000a7100000|100%| E|CS|TAMS 0x00000000a7000000| PB 0x00000000a7000000| Complete |  0
| 625|0x00000000a7100000, 0x00000000a7200000, 0x00000000a7200000|100%| E|CS|TAMS 0x00000000a7100000| PB 0x00000000a7100000| Complete |  0
| 626|0x00000000a7200000, 0x00000000a7300000, 0x00000000a7300000|100%| E|CS|TAMS 0x00000000a7200000| PB 0x00000000a7200000| Complete |  0
| 627|0x00000000a7300000, 0x00000000a7400000, 0x00000000a7400000|100%| S|  |TAMS 0x00000000a7300000| PB 0x00000000a7300000| Complete |  0
| 628|0x00000000a7400000, 0x00000000a7500000, 0x00000000a7500000|100%| S|  |TAMS 0x00000000a7400000| PB 0x00000000a7400000| Complete |  0
| 629|0x00000000a7500000, 0x00000000a7600000, 0x00000000a7600000|100%| S|  |TAMS 0x00000000a7500000| PB 0x00000000a7500000| Complete |  0
| 630|0x00000000a7600000, 0x00000000a7700000, 0x00000000a7700000|100%| S|  |TAMS 0x00000000a7600000| PB 0x00000000a7600000| Complete |  0
| 631|0x00000000a7700000, 0x00000000a7800000, 0x00000000a7800000|100%| S|  |TAMS 0x00000000a7700000| PB 0x00000000a7700000| Complete |  0
| 632|0x00000000a7800000, 0x00000000a7900000, 0x00000000a7900000|100%| S|  |TAMS 0x00000000a7800000| PB 0x00000000a7800000| Complete |  0
| 633|0x00000000a7900000, 0x00000000a7a00000, 0x00000000a7a00000|100%| S|  |TAMS 0x00000000a7900000| PB 0x00000000a7900000| Complete |  0
| 634|0x00000000a7a00000, 0x00000000a7b00000, 0x00000000a7b00000|100%| S|  |TAMS 0x00000000a7a00000| PB 0x00000000a7a00000| Complete |  0
| 635|0x00000000a7b00000, 0x00000000a7c00000, 0x00000000a7c00000|100%| S|  |TAMS 0x00000000a7b00000| PB 0x00000000a7b00000| Complete |  0
| 636|0x00000000a7c00000, 0x00000000a7d00000, 0x00000000a7d00000|100%| S|  |TAMS 0x00000000a7c00000| PB 0x00000000a7c00000| Complete |  0
| 637|0x00000000a7d00000, 0x00000000a7e00000, 0x00000000a7e00000|100%| S|  |TAMS 0x00000000a7d00000| PB 0x00000000a7d00000| Complete |  0
| 638|0x00000000a7e00000, 0x00000000a7f00000, 0x00000000a7f00000|100%| S|  |TAMS 0x00000000a7e00000| PB 0x00000000a7e00000| Complete |  0
| 639|0x00000000a7f00000, 0x00000000a8000000, 0x00000000a8000000|100%| S|  |TAMS 0x00000000a7f00000| PB 0x00000000a7f00000| Complete |  0
| 640|0x00000000a8000000, 0x00000000a8100000, 0x00000000a8100000|100%| S|  |TAMS 0x00000000a8000000| PB 0x00000000a8000000| Complete |  0
| 641|0x00000000a8100000, 0x00000000a8200000, 0x00000000a8200000|100%| S|  |TAMS 0x00000000a8100000| PB 0x00000000a8100000| Complete |  0
| 642|0x00000000a8200000, 0x00000000a8300000, 0x00000000a8300000|100%| E|CS|TAMS 0x00000000a8200000| PB 0x00000000a8200000| Complete |  0
| 643|0x00000000a8300000, 0x00000000a8400000, 0x00000000a8400000|100%| E|CS|TAMS 0x00000000a8300000| PB 0x00000000a8300000| Complete |  0
| 644|0x00000000a8400000, 0x00000000a8500000, 0x00000000a8500000|100%| E|CS|TAMS 0x00000000a8400000| PB 0x00000000a8400000| Complete |  0
| 645|0x00000000a8500000, 0x00000000a8600000, 0x00000000a8600000|100%| E|CS|TAMS 0x00000000a8500000| PB 0x00000000a8500000| Complete |  0
| 646|0x00000000a8600000, 0x00000000a8700000, 0x00000000a8700000|100%| E|CS|TAMS 0x00000000a8600000| PB 0x00000000a8600000| Complete |  0
| 647|0x00000000a8700000, 0x00000000a8800000, 0x00000000a8800000|100%| E|CS|TAMS 0x00000000a8700000| PB 0x00000000a8700000| Complete |  0
| 648|0x00000000a8800000, 0x00000000a8900000, 0x00000000a8900000|100%| E|CS|TAMS 0x00000000a8800000| PB 0x00000000a8800000| Complete |  0
| 649|0x00000000a8900000, 0x00000000a8a00000, 0x00000000a8a00000|100%| E|CS|TAMS 0x00000000a8900000| PB 0x00000000a8900000| Complete |  0
| 650|0x00000000a8a00000, 0x00000000a8b00000, 0x00000000a8b00000|100%| E|CS|TAMS 0x00000000a8a00000| PB 0x00000000a8a00000| Complete |  0
| 651|0x00000000a8b00000, 0x00000000a8c00000, 0x00000000a8c00000|100%| E|CS|TAMS 0x00000000a8b00000| PB 0x00000000a8b00000| Complete |  0
| 652|0x00000000a8c00000, 0x00000000a8d00000, 0x00000000a8d00000|100%| E|CS|TAMS 0x00000000a8c00000| PB 0x00000000a8c00000| Complete |  0
| 653|0x00000000a8d00000, 0x00000000a8e00000, 0x00000000a8e00000|100%| E|CS|TAMS 0x00000000a8d00000| PB 0x00000000a8d00000| Complete |  0
| 654|0x00000000a8e00000, 0x00000000a8f00000, 0x00000000a8f00000|100%| E|CS|TAMS 0x00000000a8e00000| PB 0x00000000a8e00000| Complete |  0
| 655|0x00000000a8f00000, 0x00000000a9000000, 0x00000000a9000000|100%| E|CS|TAMS 0x00000000a8f00000| PB 0x00000000a8f00000| Complete |  0
| 656|0x00000000a9000000, 0x00000000a9100000, 0x00000000a9100000|100%| E|CS|TAMS 0x00000000a9000000| PB 0x00000000a9000000| Complete |  0
| 657|0x00000000a9100000, 0x00000000a9200000, 0x00000000a9200000|100%| E|CS|TAMS 0x00000000a9100000| PB 0x00000000a9100000| Complete |  0
| 658|0x00000000a9200000, 0x00000000a9300000, 0x00000000a9300000|100%| E|CS|TAMS 0x00000000a9200000| PB 0x00000000a9200000| Complete |  0
| 659|0x00000000a9300000, 0x00000000a9400000, 0x00000000a9400000|100%| E|CS|TAMS 0x00000000a9300000| PB 0x00000000a9300000| Complete |  0
| 660|0x00000000a9400000, 0x00000000a9500000, 0x00000000a9500000|100%| E|CS|TAMS 0x00000000a9400000| PB 0x00000000a9400000| Complete |  0
| 661|0x00000000a9500000, 0x00000000a9600000, 0x00000000a9600000|100%| E|CS|TAMS 0x00000000a9500000| PB 0x00000000a9500000| Complete |  0
| 662|0x00000000a9600000, 0x00000000a9700000, 0x00000000a9700000|100%| E|CS|TAMS 0x00000000a9600000| PB 0x00000000a9600000| Complete |  0
| 663|0x00000000a9700000, 0x00000000a9800000, 0x00000000a9800000|100%| E|CS|TAMS 0x00000000a9700000| PB 0x00000000a9700000| Complete |  0
| 664|0x00000000a9800000, 0x00000000a9900000, 0x00000000a9900000|100%| E|CS|TAMS 0x00000000a9800000| PB 0x00000000a9800000| Complete |  0
| 665|0x00000000a9900000, 0x00000000a9a00000, 0x00000000a9a00000|100%| E|CS|TAMS 0x00000000a9900000| PB 0x00000000a9900000| Complete |  0
| 666|0x00000000a9a00000, 0x00000000a9b00000, 0x00000000a9b00000|100%| E|CS|TAMS 0x00000000a9a00000| PB 0x00000000a9a00000| Complete |  0
| 667|0x00000000a9b00000, 0x00000000a9c00000, 0x00000000a9c00000|100%| E|CS|TAMS 0x00000000a9b00000| PB 0x00000000a9b00000| Complete |  0
| 668|0x00000000a9c00000, 0x00000000a9d00000, 0x00000000a9d00000|100%| E|CS|TAMS 0x00000000a9c00000| PB 0x00000000a9c00000| Complete |  0
| 669|0x00000000a9d00000, 0x00000000a9e00000, 0x00000000a9e00000|100%| E|CS|TAMS 0x00000000a9d00000| PB 0x00000000a9d00000| Complete |  0
| 670|0x00000000a9e00000, 0x00000000a9f00000, 0x00000000a9f00000|100%| E|CS|TAMS 0x00000000a9e00000| PB 0x00000000a9e00000| Complete |  0
| 671|0x00000000a9f00000, 0x00000000aa000000, 0x00000000aa000000|100%| E|CS|TAMS 0x00000000a9f00000| PB 0x00000000a9f00000| Complete |  0
| 672|0x00000000aa000000, 0x00000000aa100000, 0x00000000aa100000|100%| E|CS|TAMS 0x00000000aa000000| PB 0x00000000aa000000| Complete |  0
| 673|0x00000000aa100000, 0x00000000aa200000, 0x00000000aa200000|100%| E|CS|TAMS 0x00000000aa100000| PB 0x00000000aa100000| Complete |  0
| 674|0x00000000aa200000, 0x00000000aa300000, 0x00000000aa300000|100%| E|CS|TAMS 0x00000000aa200000| PB 0x00000000aa200000| Complete |  0
| 675|0x00000000aa300000, 0x00000000aa400000, 0x00000000aa400000|100%| E|CS|TAMS 0x00000000aa300000| PB 0x00000000aa300000| Complete |  0
| 676|0x00000000aa400000, 0x00000000aa500000, 0x00000000aa500000|100%| E|CS|TAMS 0x00000000aa400000| PB 0x00000000aa400000| Complete |  0
| 677|0x00000000aa500000, 0x00000000aa600000, 0x00000000aa600000|100%| E|CS|TAMS 0x00000000aa500000| PB 0x00000000aa500000| Complete |  0
| 678|0x00000000aa600000, 0x00000000aa700000, 0x00000000aa700000|100%| E|CS|TAMS 0x00000000aa600000| PB 0x00000000aa600000| Complete |  0
| 679|0x00000000aa700000, 0x00000000aa800000, 0x00000000aa800000|100%| E|CS|TAMS 0x00000000aa700000| PB 0x00000000aa700000| Complete |  0
| 680|0x00000000aa800000, 0x00000000aa900000, 0x00000000aa900000|100%| E|CS|TAMS 0x00000000aa800000| PB 0x00000000aa800000| Complete |  0
| 681|0x00000000aa900000, 0x00000000aaa00000, 0x00000000aaa00000|100%| E|CS|TAMS 0x00000000aa900000| PB 0x00000000aa900000| Complete |  0
| 682|0x00000000aaa00000, 0x00000000aab00000, 0x00000000aab00000|100%| E|CS|TAMS 0x00000000aaa00000| PB 0x00000000aaa00000| Complete |  0
| 683|0x00000000aab00000, 0x00000000aac00000, 0x00000000aac00000|100%| E|CS|TAMS 0x00000000aab00000| PB 0x00000000aab00000| Complete |  0
| 684|0x00000000aac00000, 0x00000000aad00000, 0x00000000aad00000|100%| E|CS|TAMS 0x00000000aac00000| PB 0x00000000aac00000| Complete |  0
| 685|0x00000000aad00000, 0x00000000aae00000, 0x00000000aae00000|100%| E|CS|TAMS 0x00000000aad00000| PB 0x00000000aad00000| Complete |  0
| 686|0x00000000aae00000, 0x00000000aaf00000, 0x00000000aaf00000|100%| E|CS|TAMS 0x00000000aae00000| PB 0x00000000aae00000| Complete |  0
| 687|0x00000000aaf00000, 0x00000000ab000000, 0x00000000ab000000|100%| E|CS|TAMS 0x00000000aaf00000| PB 0x00000000aaf00000| Complete |  0
| 688|0x00000000ab000000, 0x00000000ab100000, 0x00000000ab100000|100%| E|CS|TAMS 0x00000000ab000000| PB 0x00000000ab000000| Complete |  0
| 689|0x00000000ab100000, 0x00000000ab200000, 0x00000000ab200000|100%| E|CS|TAMS 0x00000000ab100000| PB 0x00000000ab100000| Complete |  0
| 690|0x00000000ab200000, 0x00000000ab300000, 0x00000000ab300000|100%| E|CS|TAMS 0x00000000ab200000| PB 0x00000000ab200000| Complete |  0
| 691|0x00000000ab300000, 0x00000000ab400000, 0x00000000ab400000|100%| E|CS|TAMS 0x00000000ab300000| PB 0x00000000ab300000| Complete |  0
| 692|0x00000000ab400000, 0x00000000ab500000, 0x00000000ab500000|100%| E|CS|TAMS 0x00000000ab400000| PB 0x00000000ab400000| Complete |  0
| 693|0x00000000ab500000, 0x00000000ab600000, 0x00000000ab600000|100%| E|CS|TAMS 0x00000000ab500000| PB 0x00000000ab500000| Complete |  0
| 694|0x00000000ab600000, 0x00000000ab700000, 0x00000000ab700000|100%| E|CS|TAMS 0x00000000ab600000| PB 0x00000000ab600000| Complete |  0
| 695|0x00000000ab700000, 0x00000000ab800000, 0x00000000ab800000|100%| E|CS|TAMS 0x00000000ab700000| PB 0x00000000ab700000| Complete |  0
| 696|0x00000000ab800000, 0x00000000ab900000, 0x00000000ab900000|100%| E|CS|TAMS 0x00000000ab800000| PB 0x00000000ab800000| Complete |  0
| 697|0x00000000ab900000, 0x00000000aba00000, 0x00000000aba00000|100%| E|CS|TAMS 0x00000000ab900000| PB 0x00000000ab900000| Complete |  0
| 698|0x00000000aba00000, 0x00000000abb00000, 0x00000000abb00000|100%| E|CS|TAMS 0x00000000aba00000| PB 0x00000000aba00000| Complete |  0
| 699|0x00000000abb00000, 0x00000000abc00000, 0x00000000abc00000|100%| E|CS|TAMS 0x00000000abb00000| PB 0x00000000abb00000| Complete |  0
| 700|0x00000000abc00000, 0x00000000abd00000, 0x00000000abd00000|100%| E|CS|TAMS 0x00000000abc00000| PB 0x00000000abc00000| Complete |  0
| 701|0x00000000abd00000, 0x00000000abe00000, 0x00000000abe00000|100%| E|CS|TAMS 0x00000000abd00000| PB 0x00000000abd00000| Complete |  0
| 702|0x00000000abe00000, 0x00000000abf00000, 0x00000000abf00000|100%| E|CS|TAMS 0x00000000abe00000| PB 0x00000000abe00000| Complete |  0
| 703|0x00000000abf00000, 0x00000000ac000000, 0x00000000ac000000|100%| E|CS|TAMS 0x00000000abf00000| PB 0x00000000abf00000| Complete |  0
| 704|0x00000000ac000000, 0x00000000ac100000, 0x00000000ac100000|100%| E|CS|TAMS 0x00000000ac000000| PB 0x00000000ac000000| Complete |  0
| 705|0x00000000ac100000, 0x00000000ac200000, 0x00000000ac200000|100%| E|CS|TAMS 0x00000000ac100000| PB 0x00000000ac100000| Complete |  0
| 706|0x00000000ac200000, 0x00000000ac300000, 0x00000000ac300000|100%| E|CS|TAMS 0x00000000ac200000| PB 0x00000000ac200000| Complete |  0
| 707|0x00000000ac300000, 0x00000000ac400000, 0x00000000ac400000|100%| E|CS|TAMS 0x00000000ac300000| PB 0x00000000ac300000| Complete |  0
| 708|0x00000000ac400000, 0x00000000ac500000, 0x00000000ac500000|100%| E|CS|TAMS 0x00000000ac400000| PB 0x00000000ac400000| Complete |  0
| 709|0x00000000ac500000, 0x00000000ac600000, 0x00000000ac600000|100%| E|CS|TAMS 0x00000000ac500000| PB 0x00000000ac500000| Complete |  0
| 710|0x00000000ac600000, 0x00000000ac700000, 0x00000000ac700000|100%| E|CS|TAMS 0x00000000ac600000| PB 0x00000000ac600000| Complete |  0
| 711|0x00000000ac700000, 0x00000000ac800000, 0x00000000ac800000|100%| E|CS|TAMS 0x00000000ac700000| PB 0x00000000ac700000| Complete |  0
| 712|0x00000000ac800000, 0x00000000ac900000, 0x00000000ac900000|100%| E|CS|TAMS 0x00000000ac800000| PB 0x00000000ac800000| Complete |  0
| 713|0x00000000ac900000, 0x00000000aca00000, 0x00000000aca00000|100%| E|CS|TAMS 0x00000000ac900000| PB 0x00000000ac900000| Complete |  0
| 714|0x00000000aca00000, 0x00000000acb00000, 0x00000000acb00000|100%| E|CS|TAMS 0x00000000aca00000| PB 0x00000000aca00000| Complete |  0
| 715|0x00000000acb00000, 0x00000000acc00000, 0x00000000acc00000|100%| E|CS|TAMS 0x00000000acb00000| PB 0x00000000acb00000| Complete |  0
| 716|0x00000000acc00000, 0x00000000acd00000, 0x00000000acd00000|100%| E|CS|TAMS 0x00000000acc00000| PB 0x00000000acc00000| Complete |  0
| 717|0x00000000acd00000, 0x00000000ace00000, 0x00000000ace00000|100%| E|CS|TAMS 0x00000000acd00000| PB 0x00000000acd00000| Complete |  0
| 718|0x00000000ace00000, 0x00000000acf00000, 0x00000000acf00000|100%| E|CS|TAMS 0x00000000ace00000| PB 0x00000000ace00000| Complete |  0
| 719|0x00000000acf00000, 0x00000000ad000000, 0x00000000ad000000|100%| E|CS|TAMS 0x00000000acf00000| PB 0x00000000acf00000| Complete |  0
| 720|0x00000000ad000000, 0x00000000ad100000, 0x00000000ad100000|100%| E|CS|TAMS 0x00000000ad000000| PB 0x00000000ad000000| Complete |  0
| 721|0x00000000ad100000, 0x00000000ad200000, 0x00000000ad200000|100%| E|CS|TAMS 0x00000000ad100000| PB 0x00000000ad100000| Complete |  0
| 722|0x00000000ad200000, 0x00000000ad300000, 0x00000000ad300000|100%| E|CS|TAMS 0x00000000ad200000| PB 0x00000000ad200000| Complete |  0
| 723|0x00000000ad300000, 0x00000000ad400000, 0x00000000ad400000|100%| E|CS|TAMS 0x00000000ad300000| PB 0x00000000ad300000| Complete |  0
| 724|0x00000000ad400000, 0x00000000ad500000, 0x00000000ad500000|100%| E|CS|TAMS 0x00000000ad400000| PB 0x00000000ad400000| Complete |  0
| 725|0x00000000ad500000, 0x00000000ad600000, 0x00000000ad600000|100%| E|CS|TAMS 0x00000000ad500000| PB 0x00000000ad500000| Complete |  0
| 726|0x00000000ad600000, 0x00000000ad700000, 0x00000000ad700000|100%| E|CS|TAMS 0x00000000ad600000| PB 0x00000000ad600000| Complete |  0
| 727|0x00000000ad700000, 0x00000000ad800000, 0x00000000ad800000|100%| E|CS|TAMS 0x00000000ad700000| PB 0x00000000ad700000| Complete |  0
| 728|0x00000000ad800000, 0x00000000ad900000, 0x00000000ad900000|100%| E|CS|TAMS 0x00000000ad800000| PB 0x00000000ad800000| Complete |  0
| 729|0x00000000ad900000, 0x00000000ada00000, 0x00000000ada00000|100%| E|CS|TAMS 0x00000000ad900000| PB 0x00000000ad900000| Complete |  0
| 730|0x00000000ada00000, 0x00000000adb00000, 0x00000000adb00000|100%| E|CS|TAMS 0x00000000ada00000| PB 0x00000000ada00000| Complete |  0
| 731|0x00000000adb00000, 0x00000000adc00000, 0x00000000adc00000|100%| E|CS|TAMS 0x00000000adb00000| PB 0x00000000adb00000| Complete |  0
| 732|0x00000000adc00000, 0x00000000add00000, 0x00000000add00000|100%| E|CS|TAMS 0x00000000adc00000| PB 0x00000000adc00000| Complete |  0
| 733|0x00000000add00000, 0x00000000ade00000, 0x00000000ade00000|100%| E|CS|TAMS 0x00000000add00000| PB 0x00000000add00000| Complete |  0
| 734|0x00000000ade00000, 0x00000000adf00000, 0x00000000adf00000|100%| E|CS|TAMS 0x00000000ade00000| PB 0x00000000ade00000| Complete |  0
| 735|0x00000000adf00000, 0x00000000ae000000, 0x00000000ae000000|100%| E|CS|TAMS 0x00000000adf00000| PB 0x00000000adf00000| Complete |  0
| 736|0x00000000ae000000, 0x00000000ae100000, 0x00000000ae100000|100%| E|CS|TAMS 0x00000000ae000000| PB 0x00000000ae000000| Complete |  0
| 737|0x00000000ae100000, 0x00000000ae200000, 0x00000000ae200000|100%| E|CS|TAMS 0x00000000ae100000| PB 0x00000000ae100000| Complete |  0
| 738|0x00000000ae200000, 0x00000000ae300000, 0x00000000ae300000|100%| E|CS|TAMS 0x00000000ae200000| PB 0x00000000ae200000| Complete |  0
| 739|0x00000000ae300000, 0x00000000ae400000, 0x00000000ae400000|100%| E|CS|TAMS 0x00000000ae300000| PB 0x00000000ae300000| Complete |  0
| 740|0x00000000ae400000, 0x00000000ae500000, 0x00000000ae500000|100%| E|CS|TAMS 0x00000000ae400000| PB 0x00000000ae400000| Complete |  0
| 741|0x00000000ae500000, 0x00000000ae600000, 0x00000000ae600000|100%| E|CS|TAMS 0x00000000ae500000| PB 0x00000000ae500000| Complete |  0
| 742|0x00000000ae600000, 0x00000000ae700000, 0x00000000ae700000|100%| E|CS|TAMS 0x00000000ae600000| PB 0x00000000ae600000| Complete |  0
| 743|0x00000000ae700000, 0x00000000ae800000, 0x00000000ae800000|100%| E|CS|TAMS 0x00000000ae700000| PB 0x00000000ae700000| Complete |  0
| 744|0x00000000ae800000, 0x00000000ae900000, 0x00000000ae900000|100%| E|CS|TAMS 0x00000000ae800000| PB 0x00000000ae800000| Complete |  0
| 745|0x00000000ae900000, 0x00000000aea00000, 0x00000000aea00000|100%| E|CS|TAMS 0x00000000ae900000| PB 0x00000000ae900000| Complete |  0
| 746|0x00000000aea00000, 0x00000000aeb00000, 0x00000000aeb00000|100%| E|CS|TAMS 0x00000000aea00000| PB 0x00000000aea00000| Complete |  0
| 747|0x00000000aeb00000, 0x00000000aec00000, 0x00000000aec00000|100%| E|CS|TAMS 0x00000000aeb00000| PB 0x00000000aeb00000| Complete |  0
| 748|0x00000000aec00000, 0x00000000aed00000, 0x00000000aed00000|100%| E|CS|TAMS 0x00000000aec00000| PB 0x00000000aec00000| Complete |  0
| 749|0x00000000aed00000, 0x00000000aee00000, 0x00000000aee00000|100%| E|CS|TAMS 0x00000000aed00000| PB 0x00000000aed00000| Complete |  0
| 750|0x00000000aee00000, 0x00000000aef00000, 0x00000000aef00000|100%| E|CS|TAMS 0x00000000aee00000| PB 0x00000000aee00000| Complete |  0
| 751|0x00000000aef00000, 0x00000000af000000, 0x00000000af000000|100%| E|CS|TAMS 0x00000000aef00000| PB 0x00000000aef00000| Complete |  0
| 752|0x00000000af000000, 0x00000000af100000, 0x00000000af100000|100%| E|CS|TAMS 0x00000000af000000| PB 0x00000000af000000| Complete |  0
| 753|0x00000000af100000, 0x00000000af200000, 0x00000000af200000|100%| E|CS|TAMS 0x00000000af100000| PB 0x00000000af100000| Complete |  0
| 754|0x00000000af200000, 0x00000000af300000, 0x00000000af300000|100%| E|CS|TAMS 0x00000000af200000| PB 0x00000000af200000| Complete |  0
| 755|0x00000000af300000, 0x00000000af400000, 0x00000000af400000|100%| E|CS|TAMS 0x00000000af300000| PB 0x00000000af300000| Complete |  0
| 756|0x00000000af400000, 0x00000000af500000, 0x00000000af500000|100%| E|CS|TAMS 0x00000000af400000| PB 0x00000000af400000| Complete |  0
| 757|0x00000000af500000, 0x00000000af600000, 0x00000000af600000|100%| E|CS|TAMS 0x00000000af500000| PB 0x00000000af500000| Complete |  0
| 758|0x00000000af600000, 0x00000000af700000, 0x00000000af700000|100%| E|CS|TAMS 0x00000000af600000| PB 0x00000000af600000| Complete |  0
| 759|0x00000000af700000, 0x00000000af800000, 0x00000000af800000|100%| E|CS|TAMS 0x00000000af700000| PB 0x00000000af700000| Complete |  0
| 760|0x00000000af800000, 0x00000000af900000, 0x00000000af900000|100%| E|CS|TAMS 0x00000000af800000| PB 0x00000000af800000| Complete |  0
| 761|0x00000000af900000, 0x00000000afa00000, 0x00000000afa00000|100%| E|CS|TAMS 0x00000000af900000| PB 0x00000000af900000| Complete |  0
| 762|0x00000000afa00000, 0x00000000afb00000, 0x00000000afb00000|100%| E|CS|TAMS 0x00000000afa00000| PB 0x00000000afa00000| Complete |  0
| 763|0x00000000afb00000, 0x00000000afc00000, 0x00000000afc00000|100%| E|CS|TAMS 0x00000000afb00000| PB 0x00000000afb00000| Complete |  0
| 764|0x00000000afc00000, 0x00000000afd00000, 0x00000000afd00000|100%| E|CS|TAMS 0x00000000afc00000| PB 0x00000000afc00000| Complete |  0
| 765|0x00000000afd00000, 0x00000000afe00000, 0x00000000afe00000|100%| E|CS|TAMS 0x00000000afd00000| PB 0x00000000afd00000| Complete |  0
| 766|0x00000000afe00000, 0x00000000aff00000, 0x00000000aff00000|100%| E|CS|TAMS 0x00000000afe00000| PB 0x00000000afe00000| Complete |  0
| 767|0x00000000aff00000, 0x00000000b0000000, 0x00000000b0000000|100%| E|CS|TAMS 0x00000000aff00000| PB 0x00000000aff00000| Complete |  0
| 768|0x00000000b0000000, 0x00000000b0100000, 0x00000000b0100000|100%| E|CS|TAMS 0x00000000b0000000| PB 0x00000000b0000000| Complete |  0
| 769|0x00000000b0100000, 0x00000000b0200000, 0x00000000b0200000|100%| E|CS|TAMS 0x00000000b0100000| PB 0x00000000b0100000| Complete |  0
| 770|0x00000000b0200000, 0x00000000b0300000, 0x00000000b0300000|100%| E|CS|TAMS 0x00000000b0200000| PB 0x00000000b0200000| Complete |  0
| 771|0x00000000b0300000, 0x00000000b0400000, 0x00000000b0400000|100%| E|CS|TAMS 0x00000000b0300000| PB 0x00000000b0300000| Complete |  0
| 772|0x00000000b0400000, 0x00000000b0500000, 0x00000000b0500000|100%| E|CS|TAMS 0x00000000b0400000| PB 0x00000000b0400000| Complete |  0
| 773|0x00000000b0500000, 0x00000000b0600000, 0x00000000b0600000|100%| E|CS|TAMS 0x00000000b0500000| PB 0x00000000b0500000| Complete |  0
| 774|0x00000000b0600000, 0x00000000b0700000, 0x00000000b0700000|100%| E|CS|TAMS 0x00000000b0600000| PB 0x00000000b0600000| Complete |  0
| 775|0x00000000b0700000, 0x00000000b0800000, 0x00000000b0800000|100%| E|CS|TAMS 0x00000000b0700000| PB 0x00000000b0700000| Complete |  0
| 776|0x00000000b0800000, 0x00000000b0900000, 0x00000000b0900000|100%| E|CS|TAMS 0x00000000b0800000| PB 0x00000000b0800000| Complete |  0
| 777|0x00000000b0900000, 0x00000000b0a00000, 0x00000000b0a00000|100%| E|CS|TAMS 0x00000000b0900000| PB 0x00000000b0900000| Complete |  0
| 778|0x00000000b0a00000, 0x00000000b0b00000, 0x00000000b0b00000|100%| E|CS|TAMS 0x00000000b0a00000| PB 0x00000000b0a00000| Complete |  0
| 779|0x00000000b0b00000, 0x00000000b0c00000, 0x00000000b0c00000|100%| E|CS|TAMS 0x00000000b0b00000| PB 0x00000000b0b00000| Complete |  0
| 780|0x00000000b0c00000, 0x00000000b0d00000, 0x00000000b0d00000|100%| E|CS|TAMS 0x00000000b0c00000| PB 0x00000000b0c00000| Complete |  0
| 781|0x00000000b0d00000, 0x00000000b0e00000, 0x00000000b0e00000|100%| E|CS|TAMS 0x00000000b0d00000| PB 0x00000000b0d00000| Complete |  0
| 782|0x00000000b0e00000, 0x00000000b0f00000, 0x00000000b0f00000|100%| E|CS|TAMS 0x00000000b0e00000| PB 0x00000000b0e00000| Complete |  0
| 783|0x00000000b0f00000, 0x00000000b1000000, 0x00000000b1000000|100%| E|CS|TAMS 0x00000000b0f00000| PB 0x00000000b0f00000| Complete |  0
| 784|0x00000000b1000000, 0x00000000b1100000, 0x00000000b1100000|100%| E|CS|TAMS 0x00000000b1000000| PB 0x00000000b1000000| Complete |  0
| 785|0x00000000b1100000, 0x00000000b1200000, 0x00000000b1200000|100%| E|CS|TAMS 0x00000000b1100000| PB 0x00000000b1100000| Complete |  0
| 786|0x00000000b1200000, 0x00000000b1300000, 0x00000000b1300000|100%| E|CS|TAMS 0x00000000b1200000| PB 0x00000000b1200000| Complete |  0
| 787|0x00000000b1300000, 0x00000000b1400000, 0x00000000b1400000|100%| E|CS|TAMS 0x00000000b1300000| PB 0x00000000b1300000| Complete |  0
| 788|0x00000000b1400000, 0x00000000b1500000, 0x00000000b1500000|100%| E|CS|TAMS 0x00000000b1400000| PB 0x00000000b1400000| Complete |  0
| 789|0x00000000b1500000, 0x00000000b1600000, 0x00000000b1600000|100%| E|CS|TAMS 0x00000000b1500000| PB 0x00000000b1500000| Complete |  0
| 790|0x00000000b1600000, 0x00000000b1700000, 0x00000000b1700000|100%| E|CS|TAMS 0x00000000b1600000| PB 0x00000000b1600000| Complete |  0
| 791|0x00000000b1700000, 0x00000000b1800000, 0x00000000b1800000|100%| E|CS|TAMS 0x00000000b1700000| PB 0x00000000b1700000| Complete |  0
| 792|0x00000000b1800000, 0x00000000b1900000, 0x00000000b1900000|100%| E|CS|TAMS 0x00000000b1800000| PB 0x00000000b1800000| Complete |  0
| 793|0x00000000b1900000, 0x00000000b1a00000, 0x00000000b1a00000|100%| E|CS|TAMS 0x00000000b1900000| PB 0x00000000b1900000| Complete |  0
| 794|0x00000000b1a00000, 0x00000000b1b00000, 0x00000000b1b00000|100%| E|CS|TAMS 0x00000000b1a00000| PB 0x00000000b1a00000| Complete |  0
| 795|0x00000000b1b00000, 0x00000000b1c00000, 0x00000000b1c00000|100%| E|CS|TAMS 0x00000000b1b00000| PB 0x00000000b1b00000| Complete |  0
| 796|0x00000000b1c00000, 0x00000000b1d00000, 0x00000000b1d00000|100%| E|CS|TAMS 0x00000000b1c00000| PB 0x00000000b1c00000| Complete |  0
| 797|0x00000000b1d00000, 0x00000000b1e00000, 0x00000000b1e00000|100%| E|CS|TAMS 0x00000000b1d00000| PB 0x00000000b1d00000| Complete |  0
| 798|0x00000000b1e00000, 0x00000000b1f00000, 0x00000000b1f00000|100%| E|CS|TAMS 0x00000000b1e00000| PB 0x00000000b1e00000| Complete |  0
| 799|0x00000000b1f00000, 0x00000000b2000000, 0x00000000b2000000|100%| E|CS|TAMS 0x00000000b1f00000| PB 0x00000000b1f00000| Complete |  0
| 800|0x00000000b2000000, 0x00000000b2100000, 0x00000000b2100000|100%| E|CS|TAMS 0x00000000b2000000| PB 0x00000000b2000000| Complete |  0
| 801|0x00000000b2100000, 0x00000000b2200000, 0x00000000b2200000|100%| E|CS|TAMS 0x00000000b2100000| PB 0x00000000b2100000| Complete |  0
| 802|0x00000000b2200000, 0x00000000b2300000, 0x00000000b2300000|100%| E|CS|TAMS 0x00000000b2200000| PB 0x00000000b2200000| Complete |  0
| 803|0x00000000b2300000, 0x00000000b2400000, 0x00000000b2400000|100%| E|CS|TAMS 0x00000000b2300000| PB 0x00000000b2300000| Complete |  0
| 804|0x00000000b2400000, 0x00000000b2500000, 0x00000000b2500000|100%| E|CS|TAMS 0x00000000b2400000| PB 0x00000000b2400000| Complete |  0
| 805|0x00000000b2500000, 0x00000000b2600000, 0x00000000b2600000|100%| E|CS|TAMS 0x00000000b2500000| PB 0x00000000b2500000| Complete |  0
| 806|0x00000000b2600000, 0x00000000b2700000, 0x00000000b2700000|100%| E|CS|TAMS 0x00000000b2600000| PB 0x00000000b2600000| Complete |  0
| 807|0x00000000b2700000, 0x00000000b2800000, 0x00000000b2800000|100%| E|CS|TAMS 0x00000000b2700000| PB 0x00000000b2700000| Complete |  0
| 808|0x00000000b2800000, 0x00000000b2900000, 0x00000000b2900000|100%| E|CS|TAMS 0x00000000b2800000| PB 0x00000000b2800000| Complete |  0
| 809|0x00000000b2900000, 0x00000000b2a00000, 0x00000000b2a00000|100%| E|CS|TAMS 0x00000000b2900000| PB 0x00000000b2900000| Complete |  0
| 810|0x00000000b2a00000, 0x00000000b2b00000, 0x00000000b2b00000|100%| E|CS|TAMS 0x00000000b2a00000| PB 0x00000000b2a00000| Complete |  0
| 811|0x00000000b2b00000, 0x00000000b2c00000, 0x00000000b2c00000|100%| E|CS|TAMS 0x00000000b2b00000| PB 0x00000000b2b00000| Complete |  0
| 812|0x00000000b2c00000, 0x00000000b2d00000, 0x00000000b2d00000|100%| E|CS|TAMS 0x00000000b2c00000| PB 0x00000000b2c00000| Complete |  0
| 813|0x00000000b2d00000, 0x00000000b2e00000, 0x00000000b2e00000|100%| E|CS|TAMS 0x00000000b2d00000| PB 0x00000000b2d00000| Complete |  0
| 814|0x00000000b2e00000, 0x00000000b2f00000, 0x00000000b2f00000|100%| E|CS|TAMS 0x00000000b2e00000| PB 0x00000000b2e00000| Complete |  0
| 815|0x00000000b2f00000, 0x00000000b3000000, 0x00000000b3000000|100%| E|CS|TAMS 0x00000000b2f00000| PB 0x00000000b2f00000| Complete |  0
| 816|0x00000000b3000000, 0x00000000b3100000, 0x00000000b3100000|100%| E|CS|TAMS 0x00000000b3000000| PB 0x00000000b3000000| Complete |  0
| 817|0x00000000b3100000, 0x00000000b3200000, 0x00000000b3200000|100%| E|CS|TAMS 0x00000000b3100000| PB 0x00000000b3100000| Complete |  0
| 818|0x00000000b3200000, 0x00000000b3300000, 0x00000000b3300000|100%| E|CS|TAMS 0x00000000b3200000| PB 0x00000000b3200000| Complete |  0
| 819|0x00000000b3300000, 0x00000000b3400000, 0x00000000b3400000|100%| E|CS|TAMS 0x00000000b3300000| PB 0x00000000b3300000| Complete |  0
| 820|0x00000000b3400000, 0x00000000b3500000, 0x00000000b3500000|100%| E|CS|TAMS 0x00000000b3400000| PB 0x00000000b3400000| Complete |  0
| 821|0x00000000b3500000, 0x00000000b3600000, 0x00000000b3600000|100%| E|CS|TAMS 0x00000000b3500000| PB 0x00000000b3500000| Complete |  0
| 822|0x00000000b3600000, 0x00000000b3700000, 0x00000000b3700000|100%| E|CS|TAMS 0x00000000b3600000| PB 0x00000000b3600000| Complete |  0
| 823|0x00000000b3700000, 0x00000000b3800000, 0x00000000b3800000|100%| E|CS|TAMS 0x00000000b3700000| PB 0x00000000b3700000| Complete |  0
| 824|0x00000000b3800000, 0x00000000b3900000, 0x00000000b3900000|100%| E|CS|TAMS 0x00000000b3800000| PB 0x00000000b3800000| Complete |  0
| 825|0x00000000b3900000, 0x00000000b3a00000, 0x00000000b3a00000|100%| E|CS|TAMS 0x00000000b3900000| PB 0x00000000b3900000| Complete |  0
| 826|0x00000000b3a00000, 0x00000000b3b00000, 0x00000000b3b00000|100%| E|CS|TAMS 0x00000000b3a00000| PB 0x00000000b3a00000| Complete |  0
| 827|0x00000000b3b00000, 0x00000000b3c00000, 0x00000000b3c00000|100%| E|CS|TAMS 0x00000000b3b00000| PB 0x00000000b3b00000| Complete |  0
| 828|0x00000000b3c00000, 0x00000000b3d00000, 0x00000000b3d00000|100%| E|CS|TAMS 0x00000000b3c00000| PB 0x00000000b3c00000| Complete |  0
| 829|0x00000000b3d00000, 0x00000000b3e00000, 0x00000000b3e00000|100%| E|CS|TAMS 0x00000000b3d00000| PB 0x00000000b3d00000| Complete |  0
| 830|0x00000000b3e00000, 0x00000000b3f00000, 0x00000000b3f00000|100%| E|CS|TAMS 0x00000000b3e00000| PB 0x00000000b3e00000| Complete |  0
| 831|0x00000000b3f00000, 0x00000000b4000000, 0x00000000b4000000|100%| E|CS|TAMS 0x00000000b3f00000| PB 0x00000000b3f00000| Complete |  0
| 832|0x00000000b4000000, 0x00000000b4100000, 0x00000000b4100000|100%| E|CS|TAMS 0x00000000b4000000| PB 0x00000000b4000000| Complete |  0
| 833|0x00000000b4100000, 0x00000000b4200000, 0x00000000b4200000|100%| E|CS|TAMS 0x00000000b4100000| PB 0x00000000b4100000| Complete |  0
| 834|0x00000000b4200000, 0x00000000b4300000, 0x00000000b4300000|100%| E|CS|TAMS 0x00000000b4200000| PB 0x00000000b4200000| Complete |  0
| 835|0x00000000b4300000, 0x00000000b4400000, 0x00000000b4400000|100%| E|CS|TAMS 0x00000000b4300000| PB 0x00000000b4300000| Complete |  0
| 836|0x00000000b4400000, 0x00000000b4500000, 0x00000000b4500000|100%| E|CS|TAMS 0x00000000b4400000| PB 0x00000000b4400000| Complete |  0
| 837|0x00000000b4500000, 0x00000000b4600000, 0x00000000b4600000|100%| E|CS|TAMS 0x00000000b4500000| PB 0x00000000b4500000| Complete |  0
| 838|0x00000000b4600000, 0x00000000b4700000, 0x00000000b4700000|100%| E|CS|TAMS 0x00000000b4600000| PB 0x00000000b4600000| Complete |  0
| 839|0x00000000b4700000, 0x00000000b4800000, 0x00000000b4800000|100%| E|CS|TAMS 0x00000000b4700000| PB 0x00000000b4700000| Complete |  0
| 840|0x00000000b4800000, 0x00000000b4900000, 0x00000000b4900000|100%| E|CS|TAMS 0x00000000b4800000| PB 0x00000000b4800000| Complete |  0
| 841|0x00000000b4900000, 0x00000000b4a00000, 0x00000000b4a00000|100%| E|CS|TAMS 0x00000000b4900000| PB 0x00000000b4900000| Complete |  0
| 842|0x00000000b4a00000, 0x00000000b4b00000, 0x00000000b4b00000|100%| E|CS|TAMS 0x00000000b4a00000| PB 0x00000000b4a00000| Complete |  0
| 843|0x00000000b4b00000, 0x00000000b4c00000, 0x00000000b4c00000|100%| E|CS|TAMS 0x00000000b4b00000| PB 0x00000000b4b00000| Complete |  0
| 844|0x00000000b4c00000, 0x00000000b4d00000, 0x00000000b4d00000|100%| E|CS|TAMS 0x00000000b4c00000| PB 0x00000000b4c00000| Complete |  0
| 845|0x00000000b4d00000, 0x00000000b4e00000, 0x00000000b4e00000|100%| E|CS|TAMS 0x00000000b4d00000| PB 0x00000000b4d00000| Complete |  0
| 846|0x00000000b4e00000, 0x00000000b4f00000, 0x00000000b4f00000|100%| E|CS|TAMS 0x00000000b4e00000| PB 0x00000000b4e00000| Complete |  0
| 847|0x00000000b4f00000, 0x00000000b5000000, 0x00000000b5000000|100%| E|CS|TAMS 0x00000000b4f00000| PB 0x00000000b4f00000| Complete |  0
| 848|0x00000000b5000000, 0x00000000b5100000, 0x00000000b5100000|100%| E|CS|TAMS 0x00000000b5000000| PB 0x00000000b5000000| Complete |  0
| 849|0x00000000b5100000, 0x00000000b5200000, 0x00000000b5200000|100%| E|CS|TAMS 0x00000000b5100000| PB 0x00000000b5100000| Complete |  0
| 850|0x00000000b5200000, 0x00000000b5300000, 0x00000000b5300000|100%| E|CS|TAMS 0x00000000b5200000| PB 0x00000000b5200000| Complete |  0
| 851|0x00000000b5300000, 0x00000000b5400000, 0x00000000b5400000|100%| E|CS|TAMS 0x00000000b5300000| PB 0x00000000b5300000| Complete |  0
| 852|0x00000000b5400000, 0x00000000b5500000, 0x00000000b5500000|100%| E|CS|TAMS 0x00000000b5400000| PB 0x00000000b5400000| Complete |  0
| 853|0x00000000b5500000, 0x00000000b5600000, 0x00000000b5600000|100%| E|CS|TAMS 0x00000000b5500000| PB 0x00000000b5500000| Complete |  0
| 854|0x00000000b5600000, 0x00000000b5700000, 0x00000000b5700000|100%| E|CS|TAMS 0x00000000b5600000| PB 0x00000000b5600000| Complete |  0
| 855|0x00000000b5700000, 0x00000000b5800000, 0x00000000b5800000|100%| E|CS|TAMS 0x00000000b5700000| PB 0x00000000b5700000| Complete |  0
| 856|0x00000000b5800000, 0x00000000b5900000, 0x00000000b5900000|100%| E|CS|TAMS 0x00000000b5800000| PB 0x00000000b5800000| Complete |  0
| 857|0x00000000b5900000, 0x00000000b5a00000, 0x00000000b5a00000|100%| E|CS|TAMS 0x00000000b5900000| PB 0x00000000b5900000| Complete |  0
| 858|0x00000000b5a00000, 0x00000000b5b00000, 0x00000000b5b00000|100%| E|CS|TAMS 0x00000000b5a00000| PB 0x00000000b5a00000| Complete |  0
| 859|0x00000000b5b00000, 0x00000000b5c00000, 0x00000000b5c00000|100%| E|CS|TAMS 0x00000000b5b00000| PB 0x00000000b5b00000| Complete |  0
| 860|0x00000000b5c00000, 0x00000000b5d00000, 0x00000000b5d00000|100%| E|CS|TAMS 0x00000000b5c00000| PB 0x00000000b5c00000| Complete |  0
| 861|0x00000000b5d00000, 0x00000000b5e00000, 0x00000000b5e00000|100%| E|CS|TAMS 0x00000000b5d00000| PB 0x00000000b5d00000| Complete |  0
| 862|0x00000000b5e00000, 0x00000000b5f00000, 0x00000000b5f00000|100%| E|CS|TAMS 0x00000000b5e00000| PB 0x00000000b5e00000| Complete |  0
| 863|0x00000000b5f00000, 0x00000000b6000000, 0x00000000b6000000|100%| E|CS|TAMS 0x00000000b5f00000| PB 0x00000000b5f00000| Complete |  0
| 864|0x00000000b6000000, 0x00000000b6100000, 0x00000000b6100000|100%| E|CS|TAMS 0x00000000b6000000| PB 0x00000000b6000000| Complete |  0
| 865|0x00000000b6100000, 0x00000000b6200000, 0x00000000b6200000|100%| E|CS|TAMS 0x00000000b6100000| PB 0x00000000b6100000| Complete |  0
| 866|0x00000000b6200000, 0x00000000b6300000, 0x00000000b6300000|100%| E|CS|TAMS 0x00000000b6200000| PB 0x00000000b6200000| Complete |  0
| 867|0x00000000b6300000, 0x00000000b6400000, 0x00000000b6400000|100%| E|CS|TAMS 0x00000000b6300000| PB 0x00000000b6300000| Complete |  0
| 868|0x00000000b6400000, 0x00000000b6500000, 0x00000000b6500000|100%| E|CS|TAMS 0x00000000b6400000| PB 0x00000000b6400000| Complete |  0
| 869|0x00000000b6500000, 0x00000000b6600000, 0x00000000b6600000|100%| E|CS|TAMS 0x00000000b6500000| PB 0x00000000b6500000| Complete |  0
| 870|0x00000000b6600000, 0x00000000b6700000, 0x00000000b6700000|100%| E|CS|TAMS 0x00000000b6600000| PB 0x00000000b6600000| Complete |  0
| 871|0x00000000b6700000, 0x00000000b6800000, 0x00000000b6800000|100%| E|CS|TAMS 0x00000000b6700000| PB 0x00000000b6700000| Complete |  0
| 872|0x00000000b6800000, 0x00000000b6900000, 0x00000000b6900000|100%| E|CS|TAMS 0x00000000b6800000| PB 0x00000000b6800000| Complete |  0
| 873|0x00000000b6900000, 0x00000000b6a00000, 0x00000000b6a00000|100%| E|CS|TAMS 0x00000000b6900000| PB 0x00000000b6900000| Complete |  0
| 874|0x00000000b6a00000, 0x00000000b6b00000, 0x00000000b6b00000|100%| E|CS|TAMS 0x00000000b6a00000| PB 0x00000000b6a00000| Complete |  0
| 875|0x00000000b6b00000, 0x00000000b6c00000, 0x00000000b6c00000|100%| E|CS|TAMS 0x00000000b6b00000| PB 0x00000000b6b00000| Complete |  0
| 876|0x00000000b6c00000, 0x00000000b6d00000, 0x00000000b6d00000|100%| E|CS|TAMS 0x00000000b6c00000| PB 0x00000000b6c00000| Complete |  0
| 877|0x00000000b6d00000, 0x00000000b6e00000, 0x00000000b6e00000|100%| E|CS|TAMS 0x00000000b6d00000| PB 0x00000000b6d00000| Complete |  0
| 878|0x00000000b6e00000, 0x00000000b6f00000, 0x00000000b6f00000|100%| E|CS|TAMS 0x00000000b6e00000| PB 0x00000000b6e00000| Complete |  0
| 879|0x00000000b6f00000, 0x00000000b7000000, 0x00000000b7000000|100%| E|CS|TAMS 0x00000000b6f00000| PB 0x00000000b6f00000| Complete |  0
| 880|0x00000000b7000000, 0x00000000b7100000, 0x00000000b7100000|100%| E|CS|TAMS 0x00000000b7000000| PB 0x00000000b7000000| Complete |  0
| 881|0x00000000b7100000, 0x00000000b7200000, 0x00000000b7200000|100%| E|CS|TAMS 0x00000000b7100000| PB 0x00000000b7100000| Complete |  0
| 882|0x00000000b7200000, 0x00000000b7300000, 0x00000000b7300000|100%| E|CS|TAMS 0x00000000b7200000| PB 0x00000000b7200000| Complete |  0
| 883|0x00000000b7300000, 0x00000000b7400000, 0x00000000b7400000|100%| E|CS|TAMS 0x00000000b7300000| PB 0x00000000b7300000| Complete |  0
| 884|0x00000000b7400000, 0x00000000b7500000, 0x00000000b7500000|100%| E|CS|TAMS 0x00000000b7400000| PB 0x00000000b7400000| Complete |  0
| 885|0x00000000b7500000, 0x00000000b7600000, 0x00000000b7600000|100%| E|CS|TAMS 0x00000000b7500000| PB 0x00000000b7500000| Complete |  0
| 886|0x00000000b7600000, 0x00000000b7700000, 0x00000000b7700000|100%| E|CS|TAMS 0x00000000b7600000| PB 0x00000000b7600000| Complete |  0
| 887|0x00000000b7700000, 0x00000000b7800000, 0x00000000b7800000|100%| E|CS|TAMS 0x00000000b7700000| PB 0x00000000b7700000| Complete |  0
| 888|0x00000000b7800000, 0x00000000b7900000, 0x00000000b7900000|100%| E|CS|TAMS 0x00000000b7800000| PB 0x00000000b7800000| Complete |  0
| 889|0x00000000b7900000, 0x00000000b7a00000, 0x00000000b7a00000|100%| E|CS|TAMS 0x00000000b7900000| PB 0x00000000b7900000| Complete |  0
| 890|0x00000000b7a00000, 0x00000000b7b00000, 0x00000000b7b00000|100%| E|CS|TAMS 0x00000000b7a00000| PB 0x00000000b7a00000| Complete |  0
| 891|0x00000000b7b00000, 0x00000000b7c00000, 0x00000000b7c00000|100%| E|CS|TAMS 0x00000000b7b00000| PB 0x00000000b7b00000| Complete |  0
| 892|0x00000000b7c00000, 0x00000000b7d00000, 0x00000000b7d00000|100%| E|CS|TAMS 0x00000000b7c00000| PB 0x00000000b7c00000| Complete |  0
| 893|0x00000000b7d00000, 0x00000000b7e00000, 0x00000000b7e00000|100%| E|CS|TAMS 0x00000000b7d00000| PB 0x00000000b7d00000| Complete |  0
| 894|0x00000000b7e00000, 0x00000000b7f00000, 0x00000000b7f00000|100%| E|CS|TAMS 0x00000000b7e00000| PB 0x00000000b7e00000| Complete |  0
| 895|0x00000000b7f00000, 0x00000000b8000000, 0x00000000b8000000|100%| E|CS|TAMS 0x00000000b7f00000| PB 0x00000000b7f00000| Complete |  0
| 896|0x00000000b8000000, 0x00000000b8100000, 0x00000000b8100000|100%| E|CS|TAMS 0x00000000b8000000| PB 0x00000000b8000000| Complete |  0
| 897|0x00000000b8100000, 0x00000000b8200000, 0x00000000b8200000|100%| E|CS|TAMS 0x00000000b8100000| PB 0x00000000b8100000| Complete |  0
| 898|0x00000000b8200000, 0x00000000b8300000, 0x00000000b8300000|100%| E|CS|TAMS 0x00000000b8200000| PB 0x00000000b8200000| Complete |  0
| 899|0x00000000b8300000, 0x00000000b8400000, 0x00000000b8400000|100%| E|CS|TAMS 0x00000000b8300000| PB 0x00000000b8300000| Complete |  0
| 900|0x00000000b8400000, 0x00000000b8500000, 0x00000000b8500000|100%| E|CS|TAMS 0x00000000b8400000| PB 0x00000000b8400000| Complete |  0
| 901|0x00000000b8500000, 0x00000000b8600000, 0x00000000b8600000|100%| E|CS|TAMS 0x00000000b8500000| PB 0x00000000b8500000| Complete |  0
| 902|0x00000000b8600000, 0x00000000b8700000, 0x00000000b8700000|100%| E|CS|TAMS 0x00000000b8600000| PB 0x00000000b8600000| Complete |  0
| 903|0x00000000b8700000, 0x00000000b8800000, 0x00000000b8800000|100%| E|CS|TAMS 0x00000000b8700000| PB 0x00000000b8700000| Complete |  0
| 904|0x00000000b8800000, 0x00000000b8900000, 0x00000000b8900000|100%| E|CS|TAMS 0x00000000b8800000| PB 0x00000000b8800000| Complete |  0
| 905|0x00000000b8900000, 0x00000000b8a00000, 0x00000000b8a00000|100%| E|CS|TAMS 0x00000000b8900000| PB 0x00000000b8900000| Complete |  0
| 906|0x00000000b8a00000, 0x00000000b8b00000, 0x00000000b8b00000|100%| E|CS|TAMS 0x00000000b8a00000| PB 0x00000000b8a00000| Complete |  0
| 907|0x00000000b8b00000, 0x00000000b8c00000, 0x00000000b8c00000|100%| E|CS|TAMS 0x00000000b8b00000| PB 0x00000000b8b00000| Complete |  0
| 908|0x00000000b8c00000, 0x00000000b8d00000, 0x00000000b8d00000|100%| E|CS|TAMS 0x00000000b8c00000| PB 0x00000000b8c00000| Complete |  0
| 909|0x00000000b8d00000, 0x00000000b8e00000, 0x00000000b8e00000|100%| E|CS|TAMS 0x00000000b8d00000| PB 0x00000000b8d00000| Complete |  0
| 910|0x00000000b8e00000, 0x00000000b8f00000, 0x00000000b8f00000|100%| E|CS|TAMS 0x00000000b8e00000| PB 0x00000000b8e00000| Complete |  0
| 911|0x00000000b8f00000, 0x00000000b9000000, 0x00000000b9000000|100%| E|CS|TAMS 0x00000000b8f00000| PB 0x00000000b8f00000| Complete |  0
| 912|0x00000000b9000000, 0x00000000b9100000, 0x00000000b9100000|100%| E|CS|TAMS 0x00000000b9000000| PB 0x00000000b9000000| Complete |  0
| 913|0x00000000b9100000, 0x00000000b9200000, 0x00000000b9200000|100%| E|CS|TAMS 0x00000000b9100000| PB 0x00000000b9100000| Complete |  0
| 914|0x00000000b9200000, 0x00000000b9300000, 0x00000000b9300000|100%| E|CS|TAMS 0x00000000b9200000| PB 0x00000000b9200000| Complete |  0
| 915|0x00000000b9300000, 0x00000000b9400000, 0x00000000b9400000|100%| E|CS|TAMS 0x00000000b9300000| PB 0x00000000b9300000| Complete |  0
| 916|0x00000000b9400000, 0x00000000b9500000, 0x00000000b9500000|100%| E|CS|TAMS 0x00000000b9400000| PB 0x00000000b9400000| Complete |  0
| 917|0x00000000b9500000, 0x00000000b9600000, 0x00000000b9600000|100%| E|CS|TAMS 0x00000000b9500000| PB 0x00000000b9500000| Complete |  0
| 918|0x00000000b9600000, 0x00000000b9700000, 0x00000000b9700000|100%| E|CS|TAMS 0x00000000b9600000| PB 0x00000000b9600000| Complete |  0
| 919|0x00000000b9700000, 0x00000000b9800000, 0x00000000b9800000|100%| E|CS|TAMS 0x00000000b9700000| PB 0x00000000b9700000| Complete |  0
| 920|0x00000000b9800000, 0x00000000b9900000, 0x00000000b9900000|100%| E|CS|TAMS 0x00000000b9800000| PB 0x00000000b9800000| Complete |  0
| 921|0x00000000b9900000, 0x00000000b9a00000, 0x00000000b9a00000|100%| E|CS|TAMS 0x00000000b9900000| PB 0x00000000b9900000| Complete |  0
| 922|0x00000000b9a00000, 0x00000000b9b00000, 0x00000000b9b00000|100%| E|CS|TAMS 0x00000000b9a00000| PB 0x00000000b9a00000| Complete |  0
| 923|0x00000000b9b00000, 0x00000000b9c00000, 0x00000000b9c00000|100%| E|CS|TAMS 0x00000000b9b00000| PB 0x00000000b9b00000| Complete |  0
| 924|0x00000000b9c00000, 0x00000000b9d00000, 0x00000000b9d00000|100%| E|CS|TAMS 0x00000000b9c00000| PB 0x00000000b9c00000| Complete |  0
| 925|0x00000000b9d00000, 0x00000000b9e00000, 0x00000000b9e00000|100%| E|CS|TAMS 0x00000000b9d00000| PB 0x00000000b9d00000| Complete |  0
| 926|0x00000000b9e00000, 0x00000000b9f00000, 0x00000000b9f00000|100%| E|CS|TAMS 0x00000000b9e00000| PB 0x00000000b9e00000| Complete |  0
| 927|0x00000000b9f00000, 0x00000000ba000000, 0x00000000ba000000|100%| E|CS|TAMS 0x00000000b9f00000| PB 0x00000000b9f00000| Complete |  0
| 928|0x00000000ba000000, 0x00000000ba100000, 0x00000000ba100000|100%| E|CS|TAMS 0x00000000ba000000| PB 0x00000000ba000000| Complete |  0
| 929|0x00000000ba100000, 0x00000000ba200000, 0x00000000ba200000|100%| E|CS|TAMS 0x00000000ba100000| PB 0x00000000ba100000| Complete |  0
| 930|0x00000000ba200000, 0x00000000ba300000, 0x00000000ba300000|100%| E|CS|TAMS 0x00000000ba200000| PB 0x00000000ba200000| Complete |  0
| 931|0x00000000ba300000, 0x00000000ba400000, 0x00000000ba400000|100%| E|CS|TAMS 0x00000000ba300000| PB 0x00000000ba300000| Complete |  0
| 932|0x00000000ba400000, 0x00000000ba500000, 0x00000000ba500000|100%| E|CS|TAMS 0x00000000ba400000| PB 0x00000000ba400000| Complete |  0
| 933|0x00000000ba500000, 0x00000000ba600000, 0x00000000ba600000|100%| E|CS|TAMS 0x00000000ba500000| PB 0x00000000ba500000| Complete |  0
| 934|0x00000000ba600000, 0x00000000ba700000, 0x00000000ba700000|100%| E|CS|TAMS 0x00000000ba600000| PB 0x00000000ba600000| Complete |  0
| 935|0x00000000ba700000, 0x00000000ba800000, 0x00000000ba800000|100%| E|CS|TAMS 0x00000000ba700000| PB 0x00000000ba700000| Complete |  0
| 936|0x00000000ba800000, 0x00000000ba900000, 0x00000000ba900000|100%| E|CS|TAMS 0x00000000ba800000| PB 0x00000000ba800000| Complete |  0
| 937|0x00000000ba900000, 0x00000000baa00000, 0x00000000baa00000|100%| E|CS|TAMS 0x00000000ba900000| PB 0x00000000ba900000| Complete |  0
| 938|0x00000000baa00000, 0x00000000bab00000, 0x00000000bab00000|100%| E|CS|TAMS 0x00000000baa00000| PB 0x00000000baa00000| Complete |  0
| 939|0x00000000bab00000, 0x00000000bac00000, 0x00000000bac00000|100%| E|CS|TAMS 0x00000000bab00000| PB 0x00000000bab00000| Complete |  0
| 940|0x00000000bac00000, 0x00000000bad00000, 0x00000000bad00000|100%| E|CS|TAMS 0x00000000bac00000| PB 0x00000000bac00000| Complete |  0
| 941|0x00000000bad00000, 0x00000000bae00000, 0x00000000bae00000|100%| E|CS|TAMS 0x00000000bad00000| PB 0x00000000bad00000| Complete |  0
| 942|0x00000000bae00000, 0x00000000baf00000, 0x00000000baf00000|100%| E|CS|TAMS 0x00000000bae00000| PB 0x00000000bae00000| Complete |  0
| 943|0x00000000baf00000, 0x00000000bb000000, 0x00000000bb000000|100%| E|CS|TAMS 0x00000000baf00000| PB 0x00000000baf00000| Complete |  0
| 944|0x00000000bb000000, 0x00000000bb100000, 0x00000000bb100000|100%| E|CS|TAMS 0x00000000bb000000| PB 0x00000000bb000000| Complete |  0
| 945|0x00000000bb100000, 0x00000000bb200000, 0x00000000bb200000|100%| E|CS|TAMS 0x00000000bb100000| PB 0x00000000bb100000| Complete |  0
| 946|0x00000000bb200000, 0x00000000bb300000, 0x00000000bb300000|100%| E|CS|TAMS 0x00000000bb200000| PB 0x00000000bb200000| Complete |  0
| 947|0x00000000bb300000, 0x00000000bb400000, 0x00000000bb400000|100%| E|CS|TAMS 0x00000000bb300000| PB 0x00000000bb300000| Complete |  0
| 948|0x00000000bb400000, 0x00000000bb500000, 0x00000000bb500000|100%| E|CS|TAMS 0x00000000bb400000| PB 0x00000000bb400000| Complete |  0
| 949|0x00000000bb500000, 0x00000000bb600000, 0x00000000bb600000|100%| E|CS|TAMS 0x00000000bb500000| PB 0x00000000bb500000| Complete |  0
| 950|0x00000000bb600000, 0x00000000bb700000, 0x00000000bb700000|100%| E|CS|TAMS 0x00000000bb600000| PB 0x00000000bb600000| Complete |  0
| 951|0x00000000bb700000, 0x00000000bb800000, 0x00000000bb800000|100%| E|CS|TAMS 0x00000000bb700000| PB 0x00000000bb700000| Complete |  0
| 952|0x00000000bb800000, 0x00000000bb900000, 0x00000000bb900000|100%| E|CS|TAMS 0x00000000bb800000| PB 0x00000000bb800000| Complete |  0
| 953|0x00000000bb900000, 0x00000000bba00000, 0x00000000bba00000|100%| E|CS|TAMS 0x00000000bb900000| PB 0x00000000bb900000| Complete |  0
| 954|0x00000000bba00000, 0x00000000bbb00000, 0x00000000bbb00000|100%| E|CS|TAMS 0x00000000bba00000| PB 0x00000000bba00000| Complete |  0
| 955|0x00000000bbb00000, 0x00000000bbc00000, 0x00000000bbc00000|100%| E|CS|TAMS 0x00000000bbb00000| PB 0x00000000bbb00000| Complete |  0
| 956|0x00000000bbc00000, 0x00000000bbd00000, 0x00000000bbd00000|100%| E|CS|TAMS 0x00000000bbc00000| PB 0x00000000bbc00000| Complete |  0
| 957|0x00000000bbd00000, 0x00000000bbe00000, 0x00000000bbe00000|100%| E|CS|TAMS 0x00000000bbd00000| PB 0x00000000bbd00000| Complete |  0
| 958|0x00000000bbe00000, 0x00000000bbf00000, 0x00000000bbf00000|100%| E|CS|TAMS 0x00000000bbe00000| PB 0x00000000bbe00000| Complete |  0
| 959|0x00000000bbf00000, 0x00000000bc000000, 0x00000000bc000000|100%| E|CS|TAMS 0x00000000bbf00000| PB 0x00000000bbf00000| Complete |  0
| 960|0x00000000bc000000, 0x00000000bc100000, 0x00000000bc100000|100%| E|CS|TAMS 0x00000000bc000000| PB 0x00000000bc000000| Complete |  0
| 961|0x00000000bc100000, 0x00000000bc200000, 0x00000000bc200000|100%| E|CS|TAMS 0x00000000bc100000| PB 0x00000000bc100000| Complete |  0
| 962|0x00000000bc200000, 0x00000000bc300000, 0x00000000bc300000|100%| E|CS|TAMS 0x00000000bc200000| PB 0x00000000bc200000| Complete |  0
| 963|0x00000000bc300000, 0x00000000bc400000, 0x00000000bc400000|100%| E|CS|TAMS 0x00000000bc300000| PB 0x00000000bc300000| Complete |  0
| 964|0x00000000bc400000, 0x00000000bc500000, 0x00000000bc500000|100%| E|CS|TAMS 0x00000000bc400000| PB 0x00000000bc400000| Complete |  0
| 965|0x00000000bc500000, 0x00000000bc600000, 0x00000000bc600000|100%| E|CS|TAMS 0x00000000bc500000| PB 0x00000000bc500000| Complete |  0
| 966|0x00000000bc600000, 0x00000000bc700000, 0x00000000bc700000|100%| E|CS|TAMS 0x00000000bc600000| PB 0x00000000bc600000| Complete |  0
| 967|0x00000000bc700000, 0x00000000bc800000, 0x00000000bc800000|100%| E|CS|TAMS 0x00000000bc700000| PB 0x00000000bc700000| Complete |  0
| 968|0x00000000bc800000, 0x00000000bc900000, 0x00000000bc900000|100%| E|CS|TAMS 0x00000000bc800000| PB 0x00000000bc800000| Complete |  0
| 969|0x00000000bc900000, 0x00000000bca00000, 0x00000000bca00000|100%| E|CS|TAMS 0x00000000bc900000| PB 0x00000000bc900000| Complete |  0
| 970|0x00000000bca00000, 0x00000000bcb00000, 0x00000000bcb00000|100%| E|CS|TAMS 0x00000000bca00000| PB 0x00000000bca00000| Complete |  0
| 971|0x00000000bcb00000, 0x00000000bcc00000, 0x00000000bcc00000|100%| E|CS|TAMS 0x00000000bcb00000| PB 0x00000000bcb00000| Complete |  0
| 972|0x00000000bcc00000, 0x00000000bcd00000, 0x00000000bcd00000|100%| E|CS|TAMS 0x00000000bcc00000| PB 0x00000000bcc00000| Complete |  0
| 973|0x00000000bcd00000, 0x00000000bce00000, 0x00000000bce00000|100%| E|CS|TAMS 0x00000000bcd00000| PB 0x00000000bcd00000| Complete |  0
| 974|0x00000000bce00000, 0x00000000bcf00000, 0x00000000bcf00000|100%| E|CS|TAMS 0x00000000bce00000| PB 0x00000000bce00000| Complete |  0
| 975|0x00000000bcf00000, 0x00000000bd000000, 0x00000000bd000000|100%| E|CS|TAMS 0x00000000bcf00000| PB 0x00000000bcf00000| Complete |  0
| 976|0x00000000bd000000, 0x00000000bd100000, 0x00000000bd100000|100%| E|CS|TAMS 0x00000000bd000000| PB 0x00000000bd000000| Complete |  0
| 977|0x00000000bd100000, 0x00000000bd200000, 0x00000000bd200000|100%| E|CS|TAMS 0x00000000bd100000| PB 0x00000000bd100000| Complete |  0
| 978|0x00000000bd200000, 0x00000000bd300000, 0x00000000bd300000|100%| E|CS|TAMS 0x00000000bd200000| PB 0x00000000bd200000| Complete |  0
| 979|0x00000000bd300000, 0x00000000bd400000, 0x00000000bd400000|100%| E|CS|TAMS 0x00000000bd300000| PB 0x00000000bd300000| Complete |  0
| 980|0x00000000bd400000, 0x00000000bd500000, 0x00000000bd500000|100%| E|CS|TAMS 0x00000000bd400000| PB 0x00000000bd400000| Complete |  0
| 981|0x00000000bd500000, 0x00000000bd600000, 0x00000000bd600000|100%| E|CS|TAMS 0x00000000bd500000| PB 0x00000000bd500000| Complete |  0
| 982|0x00000000bd600000, 0x00000000bd700000, 0x00000000bd700000|100%| E|CS|TAMS 0x00000000bd600000| PB 0x00000000bd600000| Complete |  0
| 983|0x00000000bd700000, 0x00000000bd800000, 0x00000000bd800000|100%| E|CS|TAMS 0x00000000bd700000| PB 0x00000000bd700000| Complete |  0
| 984|0x00000000bd800000, 0x00000000bd900000, 0x00000000bd900000|100%| E|CS|TAMS 0x00000000bd800000| PB 0x00000000bd800000| Complete |  0
| 985|0x00000000bd900000, 0x00000000bda00000, 0x00000000bda00000|100%| E|CS|TAMS 0x00000000bd900000| PB 0x00000000bd900000| Complete |  0
| 986|0x00000000bda00000, 0x00000000bdb00000, 0x00000000bdb00000|100%| E|CS|TAMS 0x00000000bda00000| PB 0x00000000bda00000| Complete |  0
| 987|0x00000000bdb00000, 0x00000000bdc00000, 0x00000000bdc00000|100%| E|CS|TAMS 0x00000000bdb00000| PB 0x00000000bdb00000| Complete |  0
| 988|0x00000000bdc00000, 0x00000000bdd00000, 0x00000000bdd00000|100%| E|CS|TAMS 0x00000000bdc00000| PB 0x00000000bdc00000| Complete |  0
| 989|0x00000000bdd00000, 0x00000000bde00000, 0x00000000bde00000|100%| E|CS|TAMS 0x00000000bdd00000| PB 0x00000000bdd00000| Complete |  0
| 990|0x00000000bde00000, 0x00000000bdf00000, 0x00000000bdf00000|100%| E|CS|TAMS 0x00000000bde00000| PB 0x00000000bde00000| Complete |  0
| 991|0x00000000bdf00000, 0x00000000be000000, 0x00000000be000000|100%| E|CS|TAMS 0x00000000bdf00000| PB 0x00000000bdf00000| Complete |  0
| 992|0x00000000be000000, 0x00000000be100000, 0x00000000be100000|100%| E|CS|TAMS 0x00000000be000000| PB 0x00000000be000000| Complete |  0
| 993|0x00000000be100000, 0x00000000be200000, 0x00000000be200000|100%| E|CS|TAMS 0x00000000be100000| PB 0x00000000be100000| Complete |  0
| 994|0x00000000be200000, 0x00000000be300000, 0x00000000be300000|100%| E|CS|TAMS 0x00000000be200000| PB 0x00000000be200000| Complete |  0
| 995|0x00000000be300000, 0x00000000be400000, 0x00000000be400000|100%| E|CS|TAMS 0x00000000be300000| PB 0x00000000be300000| Complete |  0
| 996|0x00000000be400000, 0x00000000be500000, 0x00000000be500000|100%| E|CS|TAMS 0x00000000be400000| PB 0x00000000be400000| Complete |  0
| 997|0x00000000be500000, 0x00000000be600000, 0x00000000be600000|100%| E|CS|TAMS 0x00000000be500000| PB 0x00000000be500000| Complete |  0
| 998|0x00000000be600000, 0x00000000be700000, 0x00000000be700000|100%| E|CS|TAMS 0x00000000be600000| PB 0x00000000be600000| Complete |  0
| 999|0x00000000be700000, 0x00000000be800000, 0x00000000be800000|100%| E|CS|TAMS 0x00000000be700000| PB 0x00000000be700000| Complete |  0
|1000|0x00000000be800000, 0x00000000be900000, 0x00000000be900000|100%| E|CS|TAMS 0x00000000be800000| PB 0x00000000be800000| Complete |  0
|1001|0x00000000be900000, 0x00000000bea00000, 0x00000000bea00000|100%| E|CS|TAMS 0x00000000be900000| PB 0x00000000be900000| Complete |  0
|1002|0x00000000bea00000, 0x00000000beb00000, 0x00000000beb00000|100%| E|CS|TAMS 0x00000000bea00000| PB 0x00000000bea00000| Complete |  0
|1003|0x00000000beb00000, 0x00000000bec00000, 0x00000000bec00000|100%| E|CS|TAMS 0x00000000beb00000| PB 0x00000000beb00000| Complete |  0
|1004|0x00000000bec00000, 0x00000000bed00000, 0x00000000bed00000|100%| E|CS|TAMS 0x00000000bec00000| PB 0x00000000bec00000| Complete |  0
|1005|0x00000000bed00000, 0x00000000bee00000, 0x00000000bee00000|100%| E|CS|TAMS 0x00000000bed00000| PB 0x00000000bed00000| Complete |  0
|1006|0x00000000bee00000, 0x00000000bef00000, 0x00000000bef00000|100%| E|CS|TAMS 0x00000000bee00000| PB 0x00000000bee00000| Complete |  0
|1007|0x00000000bef00000, 0x00000000bf000000, 0x00000000bf000000|100%| E|CS|TAMS 0x00000000bef00000| PB 0x00000000bef00000| Complete |  0
|1008|0x00000000bf000000, 0x00000000bf100000, 0x00000000bf100000|100%| E|CS|TAMS 0x00000000bf000000| PB 0x00000000bf000000| Complete |  0
|1009|0x00000000bf100000, 0x00000000bf200000, 0x00000000bf200000|100%| E|CS|TAMS 0x00000000bf100000| PB 0x00000000bf100000| Complete |  0
|1010|0x00000000bf200000, 0x00000000bf300000, 0x00000000bf300000|100%| E|CS|TAMS 0x00000000bf200000| PB 0x00000000bf200000| Complete |  0
|1011|0x00000000bf300000, 0x00000000bf400000, 0x00000000bf400000|100%| E|CS|TAMS 0x00000000bf300000| PB 0x00000000bf300000| Complete |  0
|1012|0x00000000bf400000, 0x00000000bf500000, 0x00000000bf500000|100%| E|CS|TAMS 0x00000000bf400000| PB 0x00000000bf400000| Complete |  0
|1013|0x00000000bf500000, 0x00000000bf600000, 0x00000000bf600000|100%| E|CS|TAMS 0x00000000bf500000| PB 0x00000000bf500000| Complete |  0
|1014|0x00000000bf600000, 0x00000000bf700000, 0x00000000bf700000|100%| E|CS|TAMS 0x00000000bf600000| PB 0x00000000bf600000| Complete |  0
|1015|0x00000000bf700000, 0x00000000bf800000, 0x00000000bf800000|100%| E|CS|TAMS 0x00000000bf700000| PB 0x00000000bf700000| Complete |  0
|1016|0x00000000bf800000, 0x00000000bf900000, 0x00000000bf900000|100%| E|CS|TAMS 0x00000000bf800000| PB 0x00000000bf800000| Complete |  0
|1017|0x00000000bf900000, 0x00000000bfa00000, 0x00000000bfa00000|100%| E|CS|TAMS 0x00000000bf900000| PB 0x00000000bf900000| Complete |  0
|1018|0x00000000bfa00000, 0x00000000bfb00000, 0x00000000bfb00000|100%| E|CS|TAMS 0x00000000bfa00000| PB 0x00000000bfa00000| Complete |  0
|1019|0x00000000bfb00000, 0x00000000bfc00000, 0x00000000bfc00000|100%| E|CS|TAMS 0x00000000bfb00000| PB 0x00000000bfb00000| Complete |  0
|1020|0x00000000bfc00000, 0x00000000bfd00000, 0x00000000bfd00000|100%| E|CS|TAMS 0x00000000bfc00000| PB 0x00000000bfc00000| Complete |  0
|1021|0x00000000bfd00000, 0x00000000bfe00000, 0x00000000bfe00000|100%| E|CS|TAMS 0x00000000bfd00000| PB 0x00000000bfd00000| Complete |  0
|1022|0x00000000bfe00000, 0x00000000bff00000, 0x00000000bff00000|100%| E|CS|TAMS 0x00000000bfe00000| PB 0x00000000bfe00000| Complete |  0
|1023|0x00000000bff00000, 0x00000000c0000000, 0x00000000c0000000|100%| E|CS|TAMS 0x00000000bff00000| PB 0x00000000bff00000| Complete |  0
|1024|0x00000000c0000000, 0x00000000c0100000, 0x00000000c0100000|100%| E|CS|TAMS 0x00000000c0000000| PB 0x00000000c0000000| Complete |  0
|1025|0x00000000c0100000, 0x00000000c0200000, 0x00000000c0200000|100%| E|CS|TAMS 0x00000000c0100000| PB 0x00000000c0100000| Complete |  0
|1026|0x00000000c0200000, 0x00000000c0300000, 0x00000000c0300000|100%| E|CS|TAMS 0x00000000c0200000| PB 0x00000000c0200000| Complete |  0
|1027|0x00000000c0300000, 0x00000000c0400000, 0x00000000c0400000|100%| E|CS|TAMS 0x00000000c0300000| PB 0x00000000c0300000| Complete |  0
|1028|0x00000000c0400000, 0x00000000c0500000, 0x00000000c0500000|100%| E|CS|TAMS 0x00000000c0400000| PB 0x00000000c0400000| Complete |  0
|1029|0x00000000c0500000, 0x00000000c0600000, 0x00000000c0600000|100%| E|CS|TAMS 0x00000000c0500000| PB 0x00000000c0500000| Complete |  0
|1030|0x00000000c0600000, 0x00000000c0700000, 0x00000000c0700000|100%| E|CS|TAMS 0x00000000c0600000| PB 0x00000000c0600000| Complete |  0
|1031|0x00000000c0700000, 0x00000000c0800000, 0x00000000c0800000|100%| E|CS|TAMS 0x00000000c0700000| PB 0x00000000c0700000| Complete |  0
|1032|0x00000000c0800000, 0x00000000c0900000, 0x00000000c0900000|100%| E|CS|TAMS 0x00000000c0800000| PB 0x00000000c0800000| Complete |  0
|1033|0x00000000c0900000, 0x00000000c0a00000, 0x00000000c0a00000|100%| E|CS|TAMS 0x00000000c0900000| PB 0x00000000c0900000| Complete |  0
|1034|0x00000000c0a00000, 0x00000000c0b00000, 0x00000000c0b00000|100%| E|CS|TAMS 0x00000000c0a00000| PB 0x00000000c0a00000| Complete |  0
|1035|0x00000000c0b00000, 0x00000000c0c00000, 0x00000000c0c00000|100%| E|CS|TAMS 0x00000000c0b00000| PB 0x00000000c0b00000| Complete |  0
|1036|0x00000000c0c00000, 0x00000000c0d00000, 0x00000000c0d00000|100%| E|CS|TAMS 0x00000000c0c00000| PB 0x00000000c0c00000| Complete |  0
|1037|0x00000000c0d00000, 0x00000000c0e00000, 0x00000000c0e00000|100%| E|CS|TAMS 0x00000000c0d00000| PB 0x00000000c0d00000| Complete |  0
|1038|0x00000000c0e00000, 0x00000000c0f00000, 0x00000000c0f00000|100%| E|CS|TAMS 0x00000000c0e00000| PB 0x00000000c0e00000| Complete |  0
|1039|0x00000000c0f00000, 0x00000000c1000000, 0x00000000c1000000|100%| E|CS|TAMS 0x00000000c0f00000| PB 0x00000000c0f00000| Complete |  0
|1040|0x00000000c1000000, 0x00000000c1100000, 0x00000000c1100000|100%| E|CS|TAMS 0x00000000c1000000| PB 0x00000000c1000000| Complete |  0
|1041|0x00000000c1100000, 0x00000000c1200000, 0x00000000c1200000|100%| E|CS|TAMS 0x00000000c1100000| PB 0x00000000c1100000| Complete |  0
|1042|0x00000000c1200000, 0x00000000c1300000, 0x00000000c1300000|100%| E|CS|TAMS 0x00000000c1200000| PB 0x00000000c1200000| Complete |  0
|1043|0x00000000c1300000, 0x00000000c1400000, 0x00000000c1400000|100%| E|CS|TAMS 0x00000000c1300000| PB 0x00000000c1300000| Complete |  0
|1044|0x00000000c1400000, 0x00000000c1500000, 0x00000000c1500000|100%| E|CS|TAMS 0x00000000c1400000| PB 0x00000000c1400000| Complete |  0
|1045|0x00000000c1500000, 0x00000000c1600000, 0x00000000c1600000|100%| E|CS|TAMS 0x00000000c1500000| PB 0x00000000c1500000| Complete |  0
|1046|0x00000000c1600000, 0x00000000c1700000, 0x00000000c1700000|100%| E|CS|TAMS 0x00000000c1600000| PB 0x00000000c1600000| Complete |  0
|1047|0x00000000c1700000, 0x00000000c1800000, 0x00000000c1800000|100%| E|CS|TAMS 0x00000000c1700000| PB 0x00000000c1700000| Complete |  0
|1048|0x00000000c1800000, 0x00000000c1900000, 0x00000000c1900000|100%| E|CS|TAMS 0x00000000c1800000| PB 0x00000000c1800000| Complete |  0
|1049|0x00000000c1900000, 0x00000000c1a00000, 0x00000000c1a00000|100%| E|CS|TAMS 0x00000000c1900000| PB 0x00000000c1900000| Complete |  0
|1050|0x00000000c1a00000, 0x00000000c1b00000, 0x00000000c1b00000|100%| E|CS|TAMS 0x00000000c1a00000| PB 0x00000000c1a00000| Complete |  0
|1051|0x00000000c1b00000, 0x00000000c1c00000, 0x00000000c1c00000|100%| E|CS|TAMS 0x00000000c1b00000| PB 0x00000000c1b00000| Complete |  0
|1052|0x00000000c1c00000, 0x00000000c1d00000, 0x00000000c1d00000|100%| E|CS|TAMS 0x00000000c1c00000| PB 0x00000000c1c00000| Complete |  0
|1053|0x00000000c1d00000, 0x00000000c1e00000, 0x00000000c1e00000|100%| E|CS|TAMS 0x00000000c1d00000| PB 0x00000000c1d00000| Complete |  0
|1054|0x00000000c1e00000, 0x00000000c1f00000, 0x00000000c1f00000|100%| E|CS|TAMS 0x00000000c1e00000| PB 0x00000000c1e00000| Complete |  0
|1055|0x00000000c1f00000, 0x00000000c2000000, 0x00000000c2000000|100%| E|CS|TAMS 0x00000000c1f00000| PB 0x00000000c1f00000| Complete |  0
|1056|0x00000000c2000000, 0x00000000c2100000, 0x00000000c2100000|100%| E|CS|TAMS 0x00000000c2000000| PB 0x00000000c2000000| Complete |  0
|1057|0x00000000c2100000, 0x00000000c2200000, 0x00000000c2200000|100%| E|CS|TAMS 0x00000000c2100000| PB 0x00000000c2100000| Complete |  0
|1058|0x00000000c2200000, 0x00000000c2300000, 0x00000000c2300000|100%| E|CS|TAMS 0x00000000c2200000| PB 0x00000000c2200000| Complete |  0
|1059|0x00000000c2300000, 0x00000000c2400000, 0x00000000c2400000|100%| E|CS|TAMS 0x00000000c2300000| PB 0x00000000c2300000| Complete |  0
|1060|0x00000000c2400000, 0x00000000c2500000, 0x00000000c2500000|100%| E|CS|TAMS 0x00000000c2400000| PB 0x00000000c2400000| Complete |  0
|1061|0x00000000c2500000, 0x00000000c2600000, 0x00000000c2600000|100%| E|CS|TAMS 0x00000000c2500000| PB 0x00000000c2500000| Complete |  0
|1062|0x00000000c2600000, 0x00000000c2700000, 0x00000000c2700000|100%| E|CS|TAMS 0x00000000c2600000| PB 0x00000000c2600000| Complete |  0
|1063|0x00000000c2700000, 0x00000000c2800000, 0x00000000c2800000|100%| E|CS|TAMS 0x00000000c2700000| PB 0x00000000c2700000| Complete |  0
|1064|0x00000000c2800000, 0x00000000c2900000, 0x00000000c2900000|100%| E|CS|TAMS 0x00000000c2800000| PB 0x00000000c2800000| Complete |  0
|1065|0x00000000c2900000, 0x00000000c2a00000, 0x00000000c2a00000|100%| E|CS|TAMS 0x00000000c2900000| PB 0x00000000c2900000| Complete |  0
|1066|0x00000000c2a00000, 0x00000000c2b00000, 0x00000000c2b00000|100%| E|CS|TAMS 0x00000000c2a00000| PB 0x00000000c2a00000| Complete |  0
|1067|0x00000000c2b00000, 0x00000000c2c00000, 0x00000000c2c00000|100%| E|CS|TAMS 0x00000000c2b00000| PB 0x00000000c2b00000| Complete |  0
|1068|0x00000000c2c00000, 0x00000000c2d00000, 0x00000000c2d00000|100%| E|CS|TAMS 0x00000000c2c00000| PB 0x00000000c2c00000| Complete |  0
|1069|0x00000000c2d00000, 0x00000000c2e00000, 0x00000000c2e00000|100%| E|CS|TAMS 0x00000000c2d00000| PB 0x00000000c2d00000| Complete |  0
|1070|0x00000000c2e00000, 0x00000000c2f00000, 0x00000000c2f00000|100%| E|CS|TAMS 0x00000000c2e00000| PB 0x00000000c2e00000| Complete |  0
|1071|0x00000000c2f00000, 0x00000000c3000000, 0x00000000c3000000|100%| E|CS|TAMS 0x00000000c2f00000| PB 0x00000000c2f00000| Complete |  0
|1072|0x00000000c3000000, 0x00000000c3100000, 0x00000000c3100000|100%| E|CS|TAMS 0x00000000c3000000| PB 0x00000000c3000000| Complete |  0
|1073|0x00000000c3100000, 0x00000000c3200000, 0x00000000c3200000|100%| E|CS|TAMS 0x00000000c3100000| PB 0x00000000c3100000| Complete |  0
|1074|0x00000000c3200000, 0x00000000c3300000, 0x00000000c3300000|100%| E|CS|TAMS 0x00000000c3200000| PB 0x00000000c3200000| Complete |  0
|1075|0x00000000c3300000, 0x00000000c3400000, 0x00000000c3400000|100%| E|CS|TAMS 0x00000000c3300000| PB 0x00000000c3300000| Complete |  0
|1076|0x00000000c3400000, 0x00000000c3500000, 0x00000000c3500000|100%| E|CS|TAMS 0x00000000c3400000| PB 0x00000000c3400000| Complete |  0
|1077|0x00000000c3500000, 0x00000000c3600000, 0x00000000c3600000|100%| E|CS|TAMS 0x00000000c3500000| PB 0x00000000c3500000| Complete |  0
|1078|0x00000000c3600000, 0x00000000c3700000, 0x00000000c3700000|100%| E|CS|TAMS 0x00000000c3600000| PB 0x00000000c3600000| Complete |  0
|1079|0x00000000c3700000, 0x00000000c3800000, 0x00000000c3800000|100%| E|CS|TAMS 0x00000000c3700000| PB 0x00000000c3700000| Complete |  0
|1080|0x00000000c3800000, 0x00000000c3900000, 0x00000000c3900000|100%| E|CS|TAMS 0x00000000c3800000| PB 0x00000000c3800000| Complete |  0
|1081|0x00000000c3900000, 0x00000000c3a00000, 0x00000000c3a00000|100%| E|CS|TAMS 0x00000000c3900000| PB 0x00000000c3900000| Complete |  0
|1082|0x00000000c3a00000, 0x00000000c3b00000, 0x00000000c3b00000|100%| E|CS|TAMS 0x00000000c3a00000| PB 0x00000000c3a00000| Complete |  0
|1083|0x00000000c3b00000, 0x00000000c3c00000, 0x00000000c3c00000|100%| E|CS|TAMS 0x00000000c3b00000| PB 0x00000000c3b00000| Complete |  0
|1084|0x00000000c3c00000, 0x00000000c3d00000, 0x00000000c3d00000|100%| E|CS|TAMS 0x00000000c3c00000| PB 0x00000000c3c00000| Complete |  0
|1085|0x00000000c3d00000, 0x00000000c3e00000, 0x00000000c3e00000|100%| E|CS|TAMS 0x00000000c3d00000| PB 0x00000000c3d00000| Complete |  0
|1086|0x00000000c3e00000, 0x00000000c3f00000, 0x00000000c3f00000|100%| E|CS|TAMS 0x00000000c3e00000| PB 0x00000000c3e00000| Complete |  0
|1087|0x00000000c3f00000, 0x00000000c4000000, 0x00000000c4000000|100%| E|CS|TAMS 0x00000000c3f00000| PB 0x00000000c3f00000| Complete |  0
|1088|0x00000000c4000000, 0x00000000c4100000, 0x00000000c4100000|100%| E|CS|TAMS 0x00000000c4000000| PB 0x00000000c4000000| Complete |  0
|1089|0x00000000c4100000, 0x00000000c4200000, 0x00000000c4200000|100%| E|CS|TAMS 0x00000000c4100000| PB 0x00000000c4100000| Complete |  0
|1090|0x00000000c4200000, 0x00000000c4300000, 0x00000000c4300000|100%| E|CS|TAMS 0x00000000c4200000| PB 0x00000000c4200000| Complete |  0
|1091|0x00000000c4300000, 0x00000000c4400000, 0x00000000c4400000|100%| E|CS|TAMS 0x00000000c4300000| PB 0x00000000c4300000| Complete |  0
|1092|0x00000000c4400000, 0x00000000c4500000, 0x00000000c4500000|100%| E|CS|TAMS 0x00000000c4400000| PB 0x00000000c4400000| Complete |  0
|1093|0x00000000c4500000, 0x00000000c4600000, 0x00000000c4600000|100%| E|CS|TAMS 0x00000000c4500000| PB 0x00000000c4500000| Complete |  0
|1094|0x00000000c4600000, 0x00000000c4700000, 0x00000000c4700000|100%| E|CS|TAMS 0x00000000c4600000| PB 0x00000000c4600000| Complete |  0
|1095|0x00000000c4700000, 0x00000000c4800000, 0x00000000c4800000|100%| E|CS|TAMS 0x00000000c4700000| PB 0x00000000c4700000| Complete |  0
|1096|0x00000000c4800000, 0x00000000c4900000, 0x00000000c4900000|100%| E|CS|TAMS 0x00000000c4800000| PB 0x00000000c4800000| Complete |  0
|1097|0x00000000c4900000, 0x00000000c4a00000, 0x00000000c4a00000|100%| E|CS|TAMS 0x00000000c4900000| PB 0x00000000c4900000| Complete |  0
|1098|0x00000000c4a00000, 0x00000000c4b00000, 0x00000000c4b00000|100%| E|CS|TAMS 0x00000000c4a00000| PB 0x00000000c4a00000| Complete |  0
|1099|0x00000000c4b00000, 0x00000000c4c00000, 0x00000000c4c00000|100%| E|CS|TAMS 0x00000000c4b00000| PB 0x00000000c4b00000| Complete |  0
|1100|0x00000000c4c00000, 0x00000000c4d00000, 0x00000000c4d00000|100%| E|CS|TAMS 0x00000000c4c00000| PB 0x00000000c4c00000| Complete |  0
|1101|0x00000000c4d00000, 0x00000000c4e00000, 0x00000000c4e00000|100%| E|CS|TAMS 0x00000000c4d00000| PB 0x00000000c4d00000| Complete |  0
|1102|0x00000000c4e00000, 0x00000000c4f00000, 0x00000000c4f00000|100%| E|CS|TAMS 0x00000000c4e00000| PB 0x00000000c4e00000| Complete |  0
|1103|0x00000000c4f00000, 0x00000000c5000000, 0x00000000c5000000|100%| E|CS|TAMS 0x00000000c4f00000| PB 0x00000000c4f00000| Complete |  0
|1104|0x00000000c5000000, 0x00000000c5100000, 0x00000000c5100000|100%| E|CS|TAMS 0x00000000c5000000| PB 0x00000000c5000000| Complete |  0
|1105|0x00000000c5100000, 0x00000000c5200000, 0x00000000c5200000|100%| E|CS|TAMS 0x00000000c5100000| PB 0x00000000c5100000| Complete |  0
|1106|0x00000000c5200000, 0x00000000c5300000, 0x00000000c5300000|100%| E|CS|TAMS 0x00000000c5200000| PB 0x00000000c5200000| Complete |  0
|1107|0x00000000c5300000, 0x00000000c5400000, 0x00000000c5400000|100%| E|CS|TAMS 0x00000000c5300000| PB 0x00000000c5300000| Complete |  0
|1108|0x00000000c5400000, 0x00000000c5500000, 0x00000000c5500000|100%| E|CS|TAMS 0x00000000c5400000| PB 0x00000000c5400000| Complete |  0
|1109|0x00000000c5500000, 0x00000000c5600000, 0x00000000c5600000|100%| E|CS|TAMS 0x00000000c5500000| PB 0x00000000c5500000| Complete |  0
|1110|0x00000000c5600000, 0x00000000c5700000, 0x00000000c5700000|100%| E|CS|TAMS 0x00000000c5600000| PB 0x00000000c5600000| Complete |  0
|1111|0x00000000c5700000, 0x00000000c5800000, 0x00000000c5800000|100%| E|CS|TAMS 0x00000000c5700000| PB 0x00000000c5700000| Complete |  0
|1112|0x00000000c5800000, 0x00000000c5900000, 0x00000000c5900000|100%| E|CS|TAMS 0x00000000c5800000| PB 0x00000000c5800000| Complete |  0
|1113|0x00000000c5900000, 0x00000000c5a00000, 0x00000000c5a00000|100%| E|CS|TAMS 0x00000000c5900000| PB 0x00000000c5900000| Complete |  0
|1114|0x00000000c5a00000, 0x00000000c5b00000, 0x00000000c5b00000|100%| E|CS|TAMS 0x00000000c5a00000| PB 0x00000000c5a00000| Complete |  0
|1115|0x00000000c5b00000, 0x00000000c5c00000, 0x00000000c5c00000|100%| E|CS|TAMS 0x00000000c5b00000| PB 0x00000000c5b00000| Complete |  0
|1116|0x00000000c5c00000, 0x00000000c5d00000, 0x00000000c5d00000|100%| E|CS|TAMS 0x00000000c5c00000| PB 0x00000000c5c00000| Complete |  0
|1117|0x00000000c5d00000, 0x00000000c5e00000, 0x00000000c5e00000|100%| E|CS|TAMS 0x00000000c5d00000| PB 0x00000000c5d00000| Complete |  0
|1118|0x00000000c5e00000, 0x00000000c5f00000, 0x00000000c5f00000|100%| E|CS|TAMS 0x00000000c5e00000| PB 0x00000000c5e00000| Complete |  0
|1119|0x00000000c5f00000, 0x00000000c6000000, 0x00000000c6000000|100%| E|CS|TAMS 0x00000000c5f00000| PB 0x00000000c5f00000| Complete |  0
|1120|0x00000000c6000000, 0x00000000c6100000, 0x00000000c6100000|100%| E|CS|TAMS 0x00000000c6000000| PB 0x00000000c6000000| Complete |  0
|1121|0x00000000c6100000, 0x00000000c6200000, 0x00000000c6200000|100%| E|CS|TAMS 0x00000000c6100000| PB 0x00000000c6100000| Complete |  0
|1122|0x00000000c6200000, 0x00000000c6300000, 0x00000000c6300000|100%| E|CS|TAMS 0x00000000c6200000| PB 0x00000000c6200000| Complete |  0
|1123|0x00000000c6300000, 0x00000000c6400000, 0x00000000c6400000|100%| E|CS|TAMS 0x00000000c6300000| PB 0x00000000c6300000| Complete |  0
|1124|0x00000000c6400000, 0x00000000c6500000, 0x00000000c6500000|100%| E|CS|TAMS 0x00000000c6400000| PB 0x00000000c6400000| Complete |  0
|1125|0x00000000c6500000, 0x00000000c6600000, 0x00000000c6600000|100%| E|CS|TAMS 0x00000000c6500000| PB 0x00000000c6500000| Complete |  0
|1126|0x00000000c6600000, 0x00000000c6700000, 0x00000000c6700000|100%| E|CS|TAMS 0x00000000c6600000| PB 0x00000000c6600000| Complete |  0
|1127|0x00000000c6700000, 0x00000000c6800000, 0x00000000c6800000|100%| E|CS|TAMS 0x00000000c6700000| PB 0x00000000c6700000| Complete |  0
|1128|0x00000000c6800000, 0x00000000c6900000, 0x00000000c6900000|100%| E|CS|TAMS 0x00000000c6800000| PB 0x00000000c6800000| Complete |  0
|1129|0x00000000c6900000, 0x00000000c6a00000, 0x00000000c6a00000|100%| E|CS|TAMS 0x00000000c6900000| PB 0x00000000c6900000| Complete |  0
|1130|0x00000000c6a00000, 0x00000000c6b00000, 0x00000000c6b00000|100%| E|CS|TAMS 0x00000000c6a00000| PB 0x00000000c6a00000| Complete |  0
|1131|0x00000000c6b00000, 0x00000000c6c00000, 0x00000000c6c00000|100%| E|CS|TAMS 0x00000000c6b00000| PB 0x00000000c6b00000| Complete |  0
|1132|0x00000000c6c00000, 0x00000000c6d00000, 0x00000000c6d00000|100%| E|CS|TAMS 0x00000000c6c00000| PB 0x00000000c6c00000| Complete |  0
|1133|0x00000000c6d00000, 0x00000000c6e00000, 0x00000000c6e00000|100%| E|CS|TAMS 0x00000000c6d00000| PB 0x00000000c6d00000| Complete |  0
|1134|0x00000000c6e00000, 0x00000000c6f00000, 0x00000000c6f00000|100%| E|CS|TAMS 0x00000000c6e00000| PB 0x00000000c6e00000| Complete |  0
|1135|0x00000000c6f00000, 0x00000000c7000000, 0x00000000c7000000|100%| E|CS|TAMS 0x00000000c6f00000| PB 0x00000000c6f00000| Complete |  0
|1136|0x00000000c7000000, 0x00000000c7100000, 0x00000000c7100000|100%| E|CS|TAMS 0x00000000c7000000| PB 0x00000000c7000000| Complete |  0
|1137|0x00000000c7100000, 0x00000000c7200000, 0x00000000c7200000|100%| E|CS|TAMS 0x00000000c7100000| PB 0x00000000c7100000| Complete |  0
|1138|0x00000000c7200000, 0x00000000c7300000, 0x00000000c7300000|100%| E|CS|TAMS 0x00000000c7200000| PB 0x00000000c7200000| Complete |  0
|1139|0x00000000c7300000, 0x00000000c7400000, 0x00000000c7400000|100%| E|CS|TAMS 0x00000000c7300000| PB 0x00000000c7300000| Complete |  0
|1140|0x00000000c7400000, 0x00000000c7500000, 0x00000000c7500000|100%| E|CS|TAMS 0x00000000c7400000| PB 0x00000000c7400000| Complete |  0
|1141|0x00000000c7500000, 0x00000000c7600000, 0x00000000c7600000|100%| E|CS|TAMS 0x00000000c7500000| PB 0x00000000c7500000| Complete |  0
|1142|0x00000000c7600000, 0x00000000c7700000, 0x00000000c7700000|100%| E|CS|TAMS 0x00000000c7600000| PB 0x00000000c7600000| Complete |  0
|1143|0x00000000c7700000, 0x00000000c7800000, 0x00000000c7800000|100%| E|CS|TAMS 0x00000000c7700000| PB 0x00000000c7700000| Complete |  0
|1144|0x00000000c7800000, 0x00000000c7900000, 0x00000000c7900000|100%| E|CS|TAMS 0x00000000c7800000| PB 0x00000000c7800000| Complete |  0
|1145|0x00000000c7900000, 0x00000000c7a00000, 0x00000000c7a00000|100%| E|CS|TAMS 0x00000000c7900000| PB 0x00000000c7900000| Complete |  0
|1146|0x00000000c7a00000, 0x00000000c7b00000, 0x00000000c7b00000|100%| E|CS|TAMS 0x00000000c7a00000| PB 0x00000000c7a00000| Complete |  0
|1147|0x00000000c7b00000, 0x00000000c7c00000, 0x00000000c7c00000|100%| E|CS|TAMS 0x00000000c7b00000| PB 0x00000000c7b00000| Complete |  0
|1148|0x00000000c7c00000, 0x00000000c7d00000, 0x00000000c7d00000|100%| E|CS|TAMS 0x00000000c7c00000| PB 0x00000000c7c00000| Complete |  0
|1149|0x00000000c7d00000, 0x00000000c7e00000, 0x00000000c7e00000|100%| E|CS|TAMS 0x00000000c7d00000| PB 0x00000000c7d00000| Complete |  0
|1150|0x00000000c7e00000, 0x00000000c7f00000, 0x00000000c7f00000|100%| E|CS|TAMS 0x00000000c7e00000| PB 0x00000000c7e00000| Complete |  0
|1151|0x00000000c7f00000, 0x00000000c8000000, 0x00000000c8000000|100%| E|CS|TAMS 0x00000000c7f00000| PB 0x00000000c7f00000| Complete |  0
|1152|0x00000000c8000000, 0x00000000c8100000, 0x00000000c8100000|100%| E|CS|TAMS 0x00000000c8000000| PB 0x00000000c8000000| Complete |  0
|1153|0x00000000c8100000, 0x00000000c8200000, 0x00000000c8200000|100%| E|CS|TAMS 0x00000000c8100000| PB 0x00000000c8100000| Complete |  0
|1154|0x00000000c8200000, 0x00000000c8300000, 0x00000000c8300000|100%| E|CS|TAMS 0x00000000c8200000| PB 0x00000000c8200000| Complete |  0
|1155|0x00000000c8300000, 0x00000000c8400000, 0x00000000c8400000|100%| E|CS|TAMS 0x00000000c8300000| PB 0x00000000c8300000| Complete |  0
|1156|0x00000000c8400000, 0x00000000c8500000, 0x00000000c8500000|100%| E|CS|TAMS 0x00000000c8400000| PB 0x00000000c8400000| Complete |  0
|1157|0x00000000c8500000, 0x00000000c8600000, 0x00000000c8600000|100%| E|CS|TAMS 0x00000000c8500000| PB 0x00000000c8500000| Complete |  0
|1158|0x00000000c8600000, 0x00000000c8700000, 0x00000000c8700000|100%| E|CS|TAMS 0x00000000c8600000| PB 0x00000000c8600000| Complete |  0
|1159|0x00000000c8700000, 0x00000000c8800000, 0x00000000c8800000|100%| E|CS|TAMS 0x00000000c8700000| PB 0x00000000c8700000| Complete |  0
|1160|0x00000000c8800000, 0x00000000c8900000, 0x00000000c8900000|100%| E|CS|TAMS 0x00000000c8800000| PB 0x00000000c8800000| Complete |  0
|1161|0x00000000c8900000, 0x00000000c8a00000, 0x00000000c8a00000|100%| E|CS|TAMS 0x00000000c8900000| PB 0x00000000c8900000| Complete |  0
|1162|0x00000000c8a00000, 0x00000000c8b00000, 0x00000000c8b00000|100%| E|CS|TAMS 0x00000000c8a00000| PB 0x00000000c8a00000| Complete |  0
|1163|0x00000000c8b00000, 0x00000000c8c00000, 0x00000000c8c00000|100%| E|CS|TAMS 0x00000000c8b00000| PB 0x00000000c8b00000| Complete |  0
|1164|0x00000000c8c00000, 0x00000000c8d00000, 0x00000000c8d00000|100%| E|CS|TAMS 0x00000000c8c00000| PB 0x00000000c8c00000| Complete |  0
|1165|0x00000000c8d00000, 0x00000000c8e00000, 0x00000000c8e00000|100%| E|CS|TAMS 0x00000000c8d00000| PB 0x00000000c8d00000| Complete |  0
|1166|0x00000000c8e00000, 0x00000000c8f00000, 0x00000000c8f00000|100%| E|CS|TAMS 0x00000000c8e00000| PB 0x00000000c8e00000| Complete |  0
|1167|0x00000000c8f00000, 0x00000000c9000000, 0x00000000c9000000|100%| E|CS|TAMS 0x00000000c8f00000| PB 0x00000000c8f00000| Complete |  0
|1168|0x00000000c9000000, 0x00000000c9100000, 0x00000000c9100000|100%| E|CS|TAMS 0x00000000c9000000| PB 0x00000000c9000000| Complete |  0
|1169|0x00000000c9100000, 0x00000000c9200000, 0x00000000c9200000|100%| E|CS|TAMS 0x00000000c9100000| PB 0x00000000c9100000| Complete |  0
|1170|0x00000000c9200000, 0x00000000c9300000, 0x00000000c9300000|100%| E|CS|TAMS 0x00000000c9200000| PB 0x00000000c9200000| Complete |  0
|1171|0x00000000c9300000, 0x00000000c9400000, 0x00000000c9400000|100%| E|CS|TAMS 0x00000000c9300000| PB 0x00000000c9300000| Complete |  0
|1172|0x00000000c9400000, 0x00000000c9500000, 0x00000000c9500000|100%| E|CS|TAMS 0x00000000c9400000| PB 0x00000000c9400000| Complete |  0
|1173|0x00000000c9500000, 0x00000000c9600000, 0x00000000c9600000|100%| E|CS|TAMS 0x00000000c9500000| PB 0x00000000c9500000| Complete |  0
|1174|0x00000000c9600000, 0x00000000c9700000, 0x00000000c9700000|100%| E|CS|TAMS 0x00000000c9600000| PB 0x00000000c9600000| Complete |  0
|1175|0x00000000c9700000, 0x00000000c9800000, 0x00000000c9800000|100%| E|CS|TAMS 0x00000000c9700000| PB 0x00000000c9700000| Complete |  0
|1176|0x00000000c9800000, 0x00000000c9900000, 0x00000000c9900000|100%| E|CS|TAMS 0x00000000c9800000| PB 0x00000000c9800000| Complete |  0
|1177|0x00000000c9900000, 0x00000000c9a00000, 0x00000000c9a00000|100%| E|CS|TAMS 0x00000000c9900000| PB 0x00000000c9900000| Complete |  0
|1178|0x00000000c9a00000, 0x00000000c9b00000, 0x00000000c9b00000|100%| E|CS|TAMS 0x00000000c9a00000| PB 0x00000000c9a00000| Complete |  0
|1179|0x00000000c9b00000, 0x00000000c9c00000, 0x00000000c9c00000|100%| E|CS|TAMS 0x00000000c9b00000| PB 0x00000000c9b00000| Complete |  0
|1180|0x00000000c9c00000, 0x00000000c9d00000, 0x00000000c9d00000|100%| E|CS|TAMS 0x00000000c9c00000| PB 0x00000000c9c00000| Complete |  0
|1181|0x00000000c9d00000, 0x00000000c9e00000, 0x00000000c9e00000|100%| E|CS|TAMS 0x00000000c9d00000| PB 0x00000000c9d00000| Complete |  0
|1182|0x00000000c9e00000, 0x00000000c9f00000, 0x00000000c9f00000|100%| E|CS|TAMS 0x00000000c9e00000| PB 0x00000000c9e00000| Complete |  0
|1183|0x00000000c9f00000, 0x00000000ca000000, 0x00000000ca000000|100%| E|CS|TAMS 0x00000000c9f00000| PB 0x00000000c9f00000| Complete |  0
|1184|0x00000000ca000000, 0x00000000ca100000, 0x00000000ca100000|100%| E|CS|TAMS 0x00000000ca000000| PB 0x00000000ca000000| Complete |  0
|1185|0x00000000ca100000, 0x00000000ca200000, 0x00000000ca200000|100%| E|CS|TAMS 0x00000000ca100000| PB 0x00000000ca100000| Complete |  0
|1186|0x00000000ca200000, 0x00000000ca300000, 0x00000000ca300000|100%| E|CS|TAMS 0x00000000ca200000| PB 0x00000000ca200000| Complete |  0
|1187|0x00000000ca300000, 0x00000000ca400000, 0x00000000ca400000|100%| E|CS|TAMS 0x00000000ca300000| PB 0x00000000ca300000| Complete |  0
|1188|0x00000000ca400000, 0x00000000ca500000, 0x00000000ca500000|100%| E|CS|TAMS 0x00000000ca400000| PB 0x00000000ca400000| Complete |  0
|1189|0x00000000ca500000, 0x00000000ca600000, 0x00000000ca600000|100%| E|CS|TAMS 0x00000000ca500000| PB 0x00000000ca500000| Complete |  0
|1190|0x00000000ca600000, 0x00000000ca700000, 0x00000000ca700000|100%| E|CS|TAMS 0x00000000ca600000| PB 0x00000000ca600000| Complete |  0
|1191|0x00000000ca700000, 0x00000000ca800000, 0x00000000ca800000|100%| E|CS|TAMS 0x00000000ca700000| PB 0x00000000ca700000| Complete |  0
|1192|0x00000000ca800000, 0x00000000ca900000, 0x00000000ca900000|100%| E|CS|TAMS 0x00000000ca800000| PB 0x00000000ca800000| Complete |  0
|1193|0x00000000ca900000, 0x00000000caa00000, 0x00000000caa00000|100%| E|CS|TAMS 0x00000000ca900000| PB 0x00000000ca900000| Complete |  0
|1194|0x00000000caa00000, 0x00000000cab00000, 0x00000000cab00000|100%| E|CS|TAMS 0x00000000caa00000| PB 0x00000000caa00000| Complete |  0
|1195|0x00000000cab00000, 0x00000000cac00000, 0x00000000cac00000|100%| E|CS|TAMS 0x00000000cab00000| PB 0x00000000cab00000| Complete |  0
|1196|0x00000000cac00000, 0x00000000cad00000, 0x00000000cad00000|100%| E|CS|TAMS 0x00000000cac00000| PB 0x00000000cac00000| Complete |  0
|1197|0x00000000cad00000, 0x00000000cae00000, 0x00000000cae00000|100%| E|CS|TAMS 0x00000000cad00000| PB 0x00000000cad00000| Complete |  0
|1198|0x00000000cae00000, 0x00000000caf00000, 0x00000000caf00000|100%| E|CS|TAMS 0x00000000cae00000| PB 0x00000000cae00000| Complete |  0
|1199|0x00000000caf00000, 0x00000000cb000000, 0x00000000cb000000|100%| E|CS|TAMS 0x00000000caf00000| PB 0x00000000caf00000| Complete |  0
|1200|0x00000000cb000000, 0x00000000cb100000, 0x00000000cb100000|100%| E|CS|TAMS 0x00000000cb000000| PB 0x00000000cb000000| Complete |  0
|1201|0x00000000cb100000, 0x00000000cb200000, 0x00000000cb200000|100%| E|CS|TAMS 0x00000000cb100000| PB 0x00000000cb100000| Complete |  0
|1202|0x00000000cb200000, 0x00000000cb300000, 0x00000000cb300000|100%| E|CS|TAMS 0x00000000cb200000| PB 0x00000000cb200000| Complete |  0
|1203|0x00000000cb300000, 0x00000000cb400000, 0x00000000cb400000|100%| E|CS|TAMS 0x00000000cb300000| PB 0x00000000cb300000| Complete |  0
|1204|0x00000000cb400000, 0x00000000cb500000, 0x00000000cb500000|100%| E|CS|TAMS 0x00000000cb400000| PB 0x00000000cb400000| Complete |  0
|1205|0x00000000cb500000, 0x00000000cb600000, 0x00000000cb600000|100%| E|CS|TAMS 0x00000000cb500000| PB 0x00000000cb500000| Complete |  0
|1206|0x00000000cb600000, 0x00000000cb700000, 0x00000000cb700000|100%| E|CS|TAMS 0x00000000cb600000| PB 0x00000000cb600000| Complete |  0
|1207|0x00000000cb700000, 0x00000000cb800000, 0x00000000cb800000|100%| E|CS|TAMS 0x00000000cb700000| PB 0x00000000cb700000| Complete |  0
|1208|0x00000000cb800000, 0x00000000cb900000, 0x00000000cb900000|100%| E|CS|TAMS 0x00000000cb800000| PB 0x00000000cb800000| Complete |  0
|1209|0x00000000cb900000, 0x00000000cba00000, 0x00000000cba00000|100%| E|CS|TAMS 0x00000000cb900000| PB 0x00000000cb900000| Complete |  0
|1210|0x00000000cba00000, 0x00000000cbb00000, 0x00000000cbb00000|100%| E|CS|TAMS 0x00000000cba00000| PB 0x00000000cba00000| Complete |  0
|1211|0x00000000cbb00000, 0x00000000cbc00000, 0x00000000cbc00000|100%| E|CS|TAMS 0x00000000cbb00000| PB 0x00000000cbb00000| Complete |  0
|1212|0x00000000cbc00000, 0x00000000cbd00000, 0x00000000cbd00000|100%| E|CS|TAMS 0x00000000cbc00000| PB 0x00000000cbc00000| Complete |  0
|1213|0x00000000cbd00000, 0x00000000cbe00000, 0x00000000cbe00000|100%| E|CS|TAMS 0x00000000cbd00000| PB 0x00000000cbd00000| Complete |  0
|1214|0x00000000cbe00000, 0x00000000cbf00000, 0x00000000cbf00000|100%| E|CS|TAMS 0x00000000cbe00000| PB 0x00000000cbe00000| Complete |  0
|1215|0x00000000cbf00000, 0x00000000cc000000, 0x00000000cc000000|100%| E|CS|TAMS 0x00000000cbf00000| PB 0x00000000cbf00000| Complete |  0
|1216|0x00000000cc000000, 0x00000000cc100000, 0x00000000cc100000|100%| E|CS|TAMS 0x00000000cc000000| PB 0x00000000cc000000| Complete |  0
|1217|0x00000000cc100000, 0x00000000cc200000, 0x00000000cc200000|100%| E|CS|TAMS 0x00000000cc100000| PB 0x00000000cc100000| Complete |  0
|1218|0x00000000cc200000, 0x00000000cc300000, 0x00000000cc300000|100%| E|CS|TAMS 0x00000000cc200000| PB 0x00000000cc200000| Complete |  0
|1219|0x00000000cc300000, 0x00000000cc400000, 0x00000000cc400000|100%| E|CS|TAMS 0x00000000cc300000| PB 0x00000000cc300000| Complete |  0
|1220|0x00000000cc400000, 0x00000000cc500000, 0x00000000cc500000|100%| E|CS|TAMS 0x00000000cc400000| PB 0x00000000cc400000| Complete |  0
|1221|0x00000000cc500000, 0x00000000cc600000, 0x00000000cc600000|100%| E|CS|TAMS 0x00000000cc500000| PB 0x00000000cc500000| Complete |  0
|1222|0x00000000cc600000, 0x00000000cc700000, 0x00000000cc700000|100%| E|CS|TAMS 0x00000000cc600000| PB 0x00000000cc600000| Complete |  0
|1223|0x00000000cc700000, 0x00000000cc800000, 0x00000000cc800000|100%| E|CS|TAMS 0x00000000cc700000| PB 0x00000000cc700000| Complete |  0
|1224|0x00000000cc800000, 0x00000000cc900000, 0x00000000cc900000|100%| E|CS|TAMS 0x00000000cc800000| PB 0x00000000cc800000| Complete |  0
|1225|0x00000000cc900000, 0x00000000cc980000, 0x00000000cca00000| 50%| E|CS|TAMS 0x00000000cc900000| PB 0x00000000cc900000| Complete |  0
|1226|0x00000000cca00000, 0x00000000ccb00000, 0x00000000ccb00000|100%| S|  |TAMS 0x00000000cca00000| PB 0x00000000cca00000| Complete |  0
|1227|0x00000000ccb00000, 0x00000000ccc00000, 0x00000000ccc00000|100%| S|  |TAMS 0x00000000ccb00000| PB 0x00000000ccb00000| Complete |  0
|1228|0x00000000ccc00000, 0x00000000ccd00000, 0x00000000ccd00000|100%| S|  |TAMS 0x00000000ccc00000| PB 0x00000000ccc00000| Complete |  0
|1229|0x00000000ccd00000, 0x00000000cce00000, 0x00000000cce00000|100%| S|  |TAMS 0x00000000ccd00000| PB 0x00000000ccd00000| Complete |  0
|1230|0x00000000cce00000, 0x00000000ccf00000, 0x00000000ccf00000|100%| S|  |TAMS 0x00000000cce00000| PB 0x00000000cce00000| Complete |  0
|1231|0x00000000ccf00000, 0x00000000cd000000, 0x00000000cd000000|100%| S|  |TAMS 0x00000000ccf00000| PB 0x00000000ccf00000| Complete |  0
|1232|0x00000000cd000000, 0x00000000cd100000, 0x00000000cd100000|100%| S|  |TAMS 0x00000000cd000000| PB 0x00000000cd000000| Complete |  0
|1233|0x00000000cd100000, 0x00000000cd200000, 0x00000000cd200000|100%| S|  |TAMS 0x00000000cd100000| PB 0x00000000cd100000| Complete |  0
|1234|0x00000000cd200000, 0x00000000cd300000, 0x00000000cd300000|100%| S|  |TAMS 0x00000000cd200000| PB 0x00000000cd200000| Complete |  0
|1235|0x00000000cd300000, 0x00000000cd400000, 0x00000000cd400000|100%| S|  |TAMS 0x00000000cd300000| PB 0x00000000cd300000| Complete |  0
|1236|0x00000000cd400000, 0x00000000cd500000, 0x00000000cd500000|100%| S|  |TAMS 0x00000000cd400000| PB 0x00000000cd400000| Complete |  0
|1903|0x00000000f6f00000, 0x00000000f7000000, 0x00000000f7000000|100%| O|  |TAMS 0x00000000f6f00000| PB 0x00000000f6f00000| Untracked |  0
|1904|0x00000000f7000000, 0x00000000f7100000, 0x00000000f7100000|100%| O|  |TAMS 0x00000000f7000000| PB 0x00000000f7000000| Untracked |  0
|1905|0x00000000f7100000, 0x00000000f7200000, 0x00000000f7200000|100%| O|  |TAMS 0x00000000f7100000| PB 0x00000000f7100000| Untracked |  0
|1906|0x00000000f7200000, 0x00000000f7300000, 0x00000000f7300000|100%| O|  |TAMS 0x00000000f7200000| PB 0x00000000f7200000| Untracked |  0
|1907|0x00000000f7300000, 0x00000000f7400000, 0x00000000f7400000|100%| O|  |TAMS 0x00000000f7300000| PB 0x00000000f7300000| Untracked |  0
|1908|0x00000000f7400000, 0x00000000f7500000, 0x00000000f7500000|100%| O|  |TAMS 0x00000000f7400000| PB 0x00000000f7400000| Untracked |  0
|1909|0x00000000f7500000, 0x00000000f7600000, 0x00000000f7600000|100%| E|CS|TAMS 0x00000000f7500000| PB 0x00000000f7500000| Complete |  0
|1910|0x00000000f7600000, 0x00000000f7700000, 0x00000000f7700000|100%| E|CS|TAMS 0x00000000f7600000| PB 0x00000000f7600000| Complete |  0
|1911|0x00000000f7700000, 0x00000000f7800000, 0x00000000f7800000|100%| E|CS|TAMS 0x00000000f7700000| PB 0x00000000f7700000| Complete |  0
|1912|0x00000000f7800000, 0x00000000f7900000, 0x00000000f7900000|100%| E|CS|TAMS 0x00000000f7800000| PB 0x00000000f7800000| Complete |  0
|1913|0x00000000f7900000, 0x00000000f7a00000, 0x00000000f7a00000|100%| O|  |TAMS 0x00000000f7900000| PB 0x00000000f7900000| Untracked |  0
|1914|0x00000000f7a00000, 0x00000000f7b00000, 0x00000000f7b00000|100%| E|CS|TAMS 0x00000000f7a00000| PB 0x00000000f7a00000| Complete |  0
|1915|0x00000000f7b00000, 0x00000000f7c00000, 0x00000000f7c00000|100%| O|  |TAMS 0x00000000f7b00000| PB 0x00000000f7b00000| Untracked |  0
|1916|0x00000000f7c00000, 0x00000000f7d00000, 0x00000000f7d00000|100%| E|CS|TAMS 0x00000000f7c00000| PB 0x00000000f7c00000| Complete |  0
|1917|0x00000000f7d00000, 0x00000000f7e00000, 0x00000000f7e00000|100%| O|CS|TAMS 0x00000000f7d00000| PB 0x00000000f7d00000| Complete |  0
|1918|0x00000000f7e00000, 0x00000000f7f00000, 0x00000000f7f00000|100%| E|CS|TAMS 0x00000000f7e00000| PB 0x00000000f7e00000| Complete |  0
|1919|0x00000000f7f00000, 0x00000000f8000000, 0x00000000f8000000|100%| E|CS|TAMS 0x00000000f7f00000| PB 0x00000000f7f00000| Complete |  0
|1920|0x00000000f8000000, 0x00000000f8100000, 0x00000000f8100000|100%| E|CS|TAMS 0x00000000f8000000| PB 0x00000000f8000000| Complete |  0
|1921|0x00000000f8100000, 0x00000000f8200000, 0x00000000f8200000|100%| E|CS|TAMS 0x00000000f8100000| PB 0x00000000f8100000| Complete |  0
|1922|0x00000000f8200000, 0x00000000f8300000, 0x00000000f8300000|100%| E|CS|TAMS 0x00000000f8200000| PB 0x00000000f8200000| Complete |  0
|1923|0x00000000f8300000, 0x00000000f8400000, 0x00000000f8400000|100%| E|CS|TAMS 0x00000000f8300000| PB 0x00000000f8300000| Complete |  0
|1924|0x00000000f8400000, 0x00000000f8500000, 0x00000000f8500000|100%| O|CS|TAMS 0x00000000f8400000| PB 0x00000000f8400000| Complete |  0
|1925|0x00000000f8500000, 0x00000000f8600000, 0x00000000f8600000|100%| E|CS|TAMS 0x00000000f8500000| PB 0x00000000f8500000| Complete |  0
|1926|0x00000000f8600000, 0x00000000f8700000, 0x00000000f8700000|100%| O|  |TAMS 0x00000000f8600000| PB 0x00000000f8600000| Untracked |  0
|1927|0x00000000f8700000, 0x00000000f8800000, 0x00000000f8800000|100%| O|  |TAMS 0x00000000f8700000| PB 0x00000000f8700000| Untracked |  0
|1928|0x00000000f8800000, 0x00000000f8900000, 0x00000000f8900000|100%| O|  |TAMS 0x00000000f8800000| PB 0x00000000f8800000| Untracked |  0
|1929|0x00000000f8900000, 0x00000000f8a00000, 0x00000000f8a00000|100%| E|CS|TAMS 0x00000000f8900000| PB 0x00000000f8900000| Complete |  0
|1930|0x00000000f8a00000, 0x00000000f8b00000, 0x00000000f8b00000|100%| O|  |TAMS 0x00000000f8a00000| PB 0x00000000f8a00000| Untracked |  0
|1931|0x00000000f8b00000, 0x00000000f8c00000, 0x00000000f8c00000|100%| E|CS|TAMS 0x00000000f8b00000| PB 0x00000000f8b00000| Complete |  0
|1932|0x00000000f8c00000, 0x00000000f8d00000, 0x00000000f8d00000|100%| E|CS|TAMS 0x00000000f8c00000| PB 0x00000000f8c00000| Complete |  0
|1933|0x00000000f8d00000, 0x00000000f8e00000, 0x00000000f8e00000|100%| O|  |TAMS 0x00000000f8d00000| PB 0x00000000f8d00000| Untracked |  0
|1934|0x00000000f8e00000, 0x00000000f8f00000, 0x00000000f8f00000|100%| E|CS|TAMS 0x00000000f8e00000| PB 0x00000000f8e00000| Complete |  0
|1935|0x00000000f8f00000, 0x00000000f9000000, 0x00000000f9000000|100%| O|  |TAMS 0x00000000f8f00000| PB 0x00000000f8f00000| Untracked |  0
|1936|0x00000000f9000000, 0x00000000f9100000, 0x00000000f9100000|100%| O|CS|TAMS 0x00000000f9000000| PB 0x00000000f9000000| Complete |  0
|1937|0x00000000f9100000, 0x00000000f9200000, 0x00000000f9200000|100%| E|CS|TAMS 0x00000000f9100000| PB 0x00000000f9100000| Complete |  0
|1938|0x00000000f9200000, 0x00000000f9300000, 0x00000000f9300000|100%| E|CS|TAMS 0x00000000f9200000| PB 0x00000000f9200000| Complete |  0
|1939|0x00000000f9300000, 0x00000000f9400000, 0x00000000f9400000|100%| O|  |TAMS 0x00000000f9300000| PB 0x00000000f9300000| Untracked |  0
|1940|0x00000000f9400000, 0x00000000f9500000, 0x00000000f9500000|100%| E|CS|TAMS 0x00000000f9400000| PB 0x00000000f9400000| Complete |  0
|1941|0x00000000f9500000, 0x00000000f9600000, 0x00000000f9600000|100%| O|  |TAMS 0x00000000f9500000| PB 0x00000000f9500000| Untracked |  0
|1942|0x00000000f9600000, 0x00000000f9700000, 0x00000000f9700000|100%| E|CS|TAMS 0x00000000f9600000| PB 0x00000000f9600000| Complete |  0
|1943|0x00000000f9700000, 0x00000000f9800000, 0x00000000f9800000|100%| E|CS|TAMS 0x00000000f9700000| PB 0x00000000f9700000| Complete |  0
|1944|0x00000000f9800000, 0x00000000f9900000, 0x00000000f9900000|100%| E|CS|TAMS 0x00000000f9800000| PB 0x00000000f9800000| Complete |  0
|1945|0x00000000f9900000, 0x00000000f9a00000, 0x00000000f9a00000|100%| O|  |TAMS 0x00000000f9900000| PB 0x00000000f9900000| Untracked |  0
|1946|0x00000000f9a00000, 0x00000000f9b00000, 0x00000000f9b00000|100%| O|  |TAMS 0x00000000f9a00000| PB 0x00000000f9a00000| Untracked |  0
|1947|0x00000000f9b00000, 0x00000000f9c00000, 0x00000000f9c00000|100%| O|  |TAMS 0x00000000f9b00000| PB 0x00000000f9b00000| Untracked |  0
|1948|0x00000000f9c00000, 0x00000000f9d00000, 0x00000000f9d00000|100%| O|  |TAMS 0x00000000f9c00000| PB 0x00000000f9c00000| Untracked |  0
|1949|0x00000000f9d00000, 0x00000000f9e00000, 0x00000000f9e00000|100%| O|  |TAMS 0x00000000f9d00000| PB 0x00000000f9d00000| Untracked |  0
|1950|0x00000000f9e00000, 0x00000000f9f00000, 0x00000000f9f00000|100%| O|  |TAMS 0x00000000f9e00000| PB 0x00000000f9e00000| Untracked |  0
|1951|0x00000000f9f00000, 0x00000000fa000000, 0x00000000fa000000|100%| O|  |TAMS 0x00000000f9f00000| PB 0x00000000f9f00000| Untracked |  0
|1952|0x00000000fa000000, 0x00000000fa100000, 0x00000000fa100000|100%| O|  |TAMS 0x00000000fa000000| PB 0x00000000fa000000| Untracked |  0
|1953|0x00000000fa100000, 0x00000000fa200000, 0x00000000fa200000|100%| O|  |TAMS 0x00000000fa100000| PB 0x00000000fa100000| Untracked |  0
|1954|0x00000000fa200000, 0x00000000fa300000, 0x00000000fa300000|100%| O|  |TAMS 0x00000000fa200000| PB 0x00000000fa200000| Untracked |  0
|1955|0x00000000fa300000, 0x00000000fa400000, 0x00000000fa400000|100%| O|  |TAMS 0x00000000fa300000| PB 0x00000000fa300000| Untracked |  0
|1956|0x00000000fa400000, 0x00000000fa500000, 0x00000000fa500000|100%| O|  |TAMS 0x00000000fa400000| PB 0x00000000fa400000| Untracked |  0
|1957|0x00000000fa500000, 0x00000000fa600000, 0x00000000fa600000|100%| E|CS|TAMS 0x00000000fa500000| PB 0x00000000fa500000| Complete |  0
|1958|0x00000000fa600000, 0x00000000fa700000, 0x00000000fa700000|100%| E|CS|TAMS 0x00000000fa600000| PB 0x00000000fa600000| Complete |  0
|1959|0x00000000fa700000, 0x00000000fa800000, 0x00000000fa800000|100%| E|CS|TAMS 0x00000000fa700000| PB 0x00000000fa700000| Complete |  0
|1960|0x00000000fa800000, 0x00000000fa900000, 0x00000000fa900000|100%| O|  |TAMS 0x00000000fa800000| PB 0x00000000fa800000| Untracked |  0
|1961|0x00000000fa900000, 0x00000000faa00000, 0x00000000faa00000|100%| O|  |TAMS 0x00000000fa900000| PB 0x00000000fa900000| Untracked |  0
|1962|0x00000000faa00000, 0x00000000fab00000, 0x00000000fab00000|100%| O|  |TAMS 0x00000000faa00000| PB 0x00000000faa00000| Untracked |  0
|1963|0x00000000fab00000, 0x00000000fac00000, 0x00000000fac00000|100%| O|  |TAMS 0x00000000fab00000| PB 0x00000000fab00000| Untracked |  0
|1964|0x00000000fac00000, 0x00000000fad00000, 0x00000000fad00000|100%| O|  |TAMS 0x00000000fac00000| PB 0x00000000fac00000| Untracked |  0
|1965|0x00000000fad00000, 0x00000000fae00000, 0x00000000fae00000|100%| O|  |TAMS 0x00000000fad00000| PB 0x00000000fad00000| Untracked |  0
|1966|0x00000000fae00000, 0x00000000faf00000, 0x00000000faf00000|100%| E|CS|TAMS 0x00000000fae00000| PB 0x00000000fae00000| Complete |  0
|1967|0x00000000faf00000, 0x00000000fb000000, 0x00000000fb000000|100%| E|CS|TAMS 0x00000000faf00000| PB 0x00000000faf00000| Complete |  0
|1968|0x00000000fb000000, 0x00000000fb100000, 0x00000000fb100000|100%| E|CS|TAMS 0x00000000fb000000| PB 0x00000000fb000000| Complete |  0
|1969|0x00000000fb100000, 0x00000000fb200000, 0x00000000fb200000|100%| E|CS|TAMS 0x00000000fb100000| PB 0x00000000fb100000| Complete |  0
|1970|0x00000000fb200000, 0x00000000fb300000, 0x00000000fb300000|100%| E|CS|TAMS 0x00000000fb200000| PB 0x00000000fb200000| Complete |  0
|1971|0x00000000fb300000, 0x00000000fb400000, 0x00000000fb400000|100%| O|  |TAMS 0x00000000fb300000| PB 0x00000000fb300000| Untracked |  0
|1972|0x00000000fb400000, 0x00000000fb500000, 0x00000000fb500000|100%| E|CS|TAMS 0x00000000fb400000| PB 0x00000000fb400000| Complete |  0
|1973|0x00000000fb500000, 0x00000000fb600000, 0x00000000fb600000|100%| E|CS|TAMS 0x00000000fb500000| PB 0x00000000fb500000| Complete |  0
|1974|0x00000000fb600000, 0x00000000fb700000, 0x00000000fb700000|100%| E|CS|TAMS 0x00000000fb600000| PB 0x00000000fb600000| Complete |  0
|1975|0x00000000fb700000, 0x00000000fb800000, 0x00000000fb800000|100%| E|CS|TAMS 0x00000000fb700000| PB 0x00000000fb700000| Complete |  0
|1976|0x00000000fb800000, 0x00000000fb900000, 0x00000000fb900000|100%| E|CS|TAMS 0x00000000fb800000| PB 0x00000000fb800000| Complete |  0
|1977|0x00000000fb900000, 0x00000000fba00000, 0x00000000fba00000|100%| E|CS|TAMS 0x00000000fb900000| PB 0x00000000fb900000| Complete |  0
|1978|0x00000000fba00000, 0x00000000fbb00000, 0x00000000fbb00000|100%| E|CS|TAMS 0x00000000fba00000| PB 0x00000000fba00000| Complete |  0
|1979|0x00000000fbb00000, 0x00000000fbc00000, 0x00000000fbc00000|100%| E|CS|TAMS 0x00000000fbb00000| PB 0x00000000fbb00000| Complete |  0
|1980|0x00000000fbc00000, 0x00000000fbd00000, 0x00000000fbd00000|100%| E|CS|TAMS 0x00000000fbc00000| PB 0x00000000fbc00000| Complete |  0
|1981|0x00000000fbd00000, 0x00000000fbe00000, 0x00000000fbe00000|100%| E|CS|TAMS 0x00000000fbd00000| PB 0x00000000fbd00000| Complete |  0
|1982|0x00000000fbe00000, 0x00000000fbf00000, 0x00000000fbf00000|100%| E|CS|TAMS 0x00000000fbe00000| PB 0x00000000fbe00000| Complete |  0
|1983|0x00000000fbf00000, 0x00000000fc000000, 0x00000000fc000000|100%| E|CS|TAMS 0x00000000fbf00000| PB 0x00000000fbf00000| Complete |  0
|1984|0x00000000fc000000, 0x00000000fc100000, 0x00000000fc100000|100%| E|CS|TAMS 0x00000000fc000000| PB 0x00000000fc000000| Complete |  0
|1985|0x00000000fc100000, 0x00000000fc200000, 0x00000000fc200000|100%| E|CS|TAMS 0x00000000fc100000| PB 0x00000000fc100000| Complete |  0
|1986|0x00000000fc200000, 0x00000000fc300000, 0x00000000fc300000|100%| E|CS|TAMS 0x00000000fc200000| PB 0x00000000fc200000| Complete |  0
|1987|0x00000000fc300000, 0x00000000fc400000, 0x00000000fc400000|100%| E|CS|TAMS 0x00000000fc300000| PB 0x00000000fc300000| Complete |  0
|1988|0x00000000fc400000, 0x00000000fc500000, 0x00000000fc500000|100%| E|CS|TAMS 0x00000000fc400000| PB 0x00000000fc400000| Complete |  0
|1989|0x00000000fc500000, 0x00000000fc600000, 0x00000000fc600000|100%| E|CS|TAMS 0x00000000fc500000| PB 0x00000000fc500000| Complete |  0
|1990|0x00000000fc600000, 0x00000000fc700000, 0x00000000fc700000|100%| E|CS|TAMS 0x00000000fc600000| PB 0x00000000fc600000| Complete |  0
|1991|0x00000000fc700000, 0x00000000fc800000, 0x00000000fc800000|100%| E|CS|TAMS 0x00000000fc700000| PB 0x00000000fc700000| Complete |  0
|1992|0x00000000fc800000, 0x00000000fc900000, 0x00000000fc900000|100%| E|CS|TAMS 0x00000000fc800000| PB 0x00000000fc800000| Complete |  0
|1993|0x00000000fc900000, 0x00000000fca00000, 0x00000000fca00000|100%| E|CS|TAMS 0x00000000fc900000| PB 0x00000000fc900000| Complete |  0
|1994|0x00000000fca00000, 0x00000000fcb00000, 0x00000000fcb00000|100%| E|CS|TAMS 0x00000000fca00000| PB 0x00000000fca00000| Complete |  0
|1995|0x00000000fcb00000, 0x00000000fcc00000, 0x00000000fcc00000|100%| E|CS|TAMS 0x00000000fcb00000| PB 0x00000000fcb00000| Complete |  0
|1996|0x00000000fcc00000, 0x00000000fcd00000, 0x00000000fcd00000|100%| E|CS|TAMS 0x00000000fcc00000| PB 0x00000000fcc00000| Complete |  0
|1997|0x00000000fcd00000, 0x00000000fce00000, 0x00000000fce00000|100%| E|CS|TAMS 0x00000000fcd00000| PB 0x00000000fcd00000| Complete |  0
|1998|0x00000000fce00000, 0x00000000fcf00000, 0x00000000fcf00000|100%| E|CS|TAMS 0x00000000fce00000| PB 0x00000000fce00000| Complete |  0
|1999|0x00000000fcf00000, 0x00000000fd000000, 0x00000000fd000000|100%| E|CS|TAMS 0x00000000fcf00000| PB 0x00000000fcf00000| Complete |  0
|2000|0x00000000fd000000, 0x00000000fd100000, 0x00000000fd100000|100%| E|CS|TAMS 0x00000000fd000000| PB 0x00000000fd000000| Complete |  0
|2001|0x00000000fd100000, 0x00000000fd200000, 0x00000000fd200000|100%| E|CS|TAMS 0x00000000fd100000| PB 0x00000000fd100000| Complete |  0
|2002|0x00000000fd200000, 0x00000000fd300000, 0x00000000fd300000|100%| E|CS|TAMS 0x00000000fd200000| PB 0x00000000fd200000| Complete |  0
|2003|0x00000000fd300000, 0x00000000fd400000, 0x00000000fd400000|100%| E|CS|TAMS 0x00000000fd300000| PB 0x00000000fd300000| Complete |  0
|2004|0x00000000fd400000, 0x00000000fd500000, 0x00000000fd500000|100%| E|CS|TAMS 0x00000000fd400000| PB 0x00000000fd400000| Complete |  0
|2005|0x00000000fd500000, 0x00000000fd600000, 0x00000000fd600000|100%| E|CS|TAMS 0x00000000fd500000| PB 0x00000000fd500000| Complete |  0
|2006|0x00000000fd600000, 0x00000000fd700000, 0x00000000fd700000|100%| E|CS|TAMS 0x00000000fd600000| PB 0x00000000fd600000| Complete |  0
|2007|0x00000000fd700000, 0x00000000fd800000, 0x00000000fd800000|100%| E|CS|TAMS 0x00000000fd700000| PB 0x00000000fd700000| Complete |  0
|2008|0x00000000fd800000, 0x00000000fd900000, 0x00000000fd900000|100%| E|CS|TAMS 0x00000000fd800000| PB 0x00000000fd800000| Complete |  0
|2009|0x00000000fd900000, 0x00000000fda00000, 0x00000000fda00000|100%| E|CS|TAMS 0x00000000fd900000| PB 0x00000000fd900000| Complete |  0
|2010|0x00000000fda00000, 0x00000000fdb00000, 0x00000000fdb00000|100%| E|CS|TAMS 0x00000000fda00000| PB 0x00000000fda00000| Complete |  0
|2011|0x00000000fdb00000, 0x00000000fdc00000, 0x00000000fdc00000|100%| E|CS|TAMS 0x00000000fdb00000| PB 0x00000000fdb00000| Complete |  0
|2012|0x00000000fdc00000, 0x00000000fdd00000, 0x00000000fdd00000|100%| E|CS|TAMS 0x00000000fdc00000| PB 0x00000000fdc00000| Complete |  0
|2013|0x00000000fdd00000, 0x00000000fde00000, 0x00000000fde00000|100%| E|CS|TAMS 0x00000000fdd00000| PB 0x00000000fdd00000| Complete |  0
|2014|0x00000000fde00000, 0x00000000fdf00000, 0x00000000fdf00000|100%| E|CS|TAMS 0x00000000fde00000| PB 0x00000000fde00000| Complete |  0
|2015|0x00000000fdf00000, 0x00000000fe000000, 0x00000000fe000000|100%| E|CS|TAMS 0x00000000fdf00000| PB 0x00000000fdf00000| Complete |  0
|2016|0x00000000fe000000, 0x00000000fe100000, 0x00000000fe100000|100%| E|CS|TAMS 0x00000000fe000000| PB 0x00000000fe000000| Complete |  0
|2017|0x00000000fe100000, 0x00000000fe200000, 0x00000000fe200000|100%| E|CS|TAMS 0x00000000fe100000| PB 0x00000000fe100000| Complete |  0
|2018|0x00000000fe200000, 0x00000000fe300000, 0x00000000fe300000|100%| E|CS|TAMS 0x00000000fe200000| PB 0x00000000fe200000| Complete |  0
|2019|0x00000000fe300000, 0x00000000fe400000, 0x00000000fe400000|100%| E|CS|TAMS 0x00000000fe300000| PB 0x00000000fe300000| Complete |  0
|2020|0x00000000fe400000, 0x00000000fe500000, 0x00000000fe500000|100%| E|CS|TAMS 0x00000000fe400000| PB 0x00000000fe400000| Complete |  0
|2021|0x00000000fe500000, 0x00000000fe600000, 0x00000000fe600000|100%| E|CS|TAMS 0x00000000fe500000| PB 0x00000000fe500000| Complete |  0
|2022|0x00000000fe600000, 0x00000000fe700000, 0x00000000fe700000|100%| E|CS|TAMS 0x00000000fe600000| PB 0x00000000fe600000| Complete |  0
|2023|0x00000000fe700000, 0x00000000fe800000, 0x00000000fe800000|100%| E|CS|TAMS 0x00000000fe700000| PB 0x00000000fe700000| Complete |  0
|2024|0x00000000fe800000, 0x00000000fe900000, 0x00000000fe900000|100%| E|CS|TAMS 0x00000000fe800000| PB 0x00000000fe800000| Complete |  0
|2025|0x00000000fe900000, 0x00000000fea00000, 0x00000000fea00000|100%| E|CS|TAMS 0x00000000fe900000| PB 0x00000000fe900000| Complete |  0
|2026|0x00000000fea00000, 0x00000000feb00000, 0x00000000feb00000|100%| E|CS|TAMS 0x00000000fea00000| PB 0x00000000fea00000| Complete |  0
|2027|0x00000000feb00000, 0x00000000fec00000, 0x00000000fec00000|100%| E|CS|TAMS 0x00000000feb00000| PB 0x00000000feb00000| Complete |  0
|2028|0x00000000fec00000, 0x00000000fed00000, 0x00000000fed00000|100%| E|CS|TAMS 0x00000000fec00000| PB 0x00000000fec00000| Complete |  0
|2029|0x00000000fed00000, 0x00000000fee00000, 0x00000000fee00000|100%| E|CS|TAMS 0x00000000fed00000| PB 0x00000000fed00000| Complete |  0
|2030|0x00000000fee00000, 0x00000000fef00000, 0x00000000fef00000|100%| E|CS|TAMS 0x00000000fee00000| PB 0x00000000fee00000| Complete |  0
|2031|0x00000000fef00000, 0x00000000ff000000, 0x00000000ff000000|100%| E|CS|TAMS 0x00000000fef00000| PB 0x00000000fef00000| Complete |  0
|2032|0x00000000ff000000, 0x00000000ff100000, 0x00000000ff100000|100%| E|CS|TAMS 0x00000000ff000000| PB 0x00000000ff000000| Complete |  0
|2033|0x00000000ff100000, 0x00000000ff200000, 0x00000000ff200000|100%| E|CS|TAMS 0x00000000ff100000| PB 0x00000000ff100000| Complete |  0
|2034|0x00000000ff200000, 0x00000000ff300000, 0x00000000ff300000|100%| E|CS|TAMS 0x00000000ff200000| PB 0x00000000ff200000| Complete |  0
|2035|0x00000000ff300000, 0x00000000ff400000, 0x00000000ff400000|100%| E|CS|TAMS 0x00000000ff300000| PB 0x00000000ff300000| Complete |  0
|2036|0x00000000ff400000, 0x00000000ff500000, 0x00000000ff500000|100%| E|CS|TAMS 0x00000000ff400000| PB 0x00000000ff400000| Complete |  0
|2037|0x00000000ff500000, 0x00000000ff600000, 0x00000000ff600000|100%| E|CS|TAMS 0x00000000ff500000| PB 0x00000000ff500000| Complete |  0
|2038|0x00000000ff600000, 0x00000000ff700000, 0x00000000ff700000|100%| E|CS|TAMS 0x00000000ff600000| PB 0x00000000ff600000| Complete |  0
|2039|0x00000000ff700000, 0x00000000ff800000, 0x00000000ff800000|100%| E|CS|TAMS 0x00000000ff700000| PB 0x00000000ff700000| Complete |  0
|2040|0x00000000ff800000, 0x00000000ff900000, 0x00000000ff900000|100%| E|CS|TAMS 0x00000000ff800000| PB 0x00000000ff800000| Complete |  0
|2041|0x00000000ff900000, 0x00000000ffa00000, 0x00000000ffa00000|100%| O|  |TAMS 0x00000000ff900000| PB 0x00000000ff900000| Untracked |  0
|2042|0x00000000ffa00000, 0x00000000ffb00000, 0x00000000ffb00000|100%| E|CS|TAMS 0x00000000ffa00000| PB 0x00000000ffa00000| Complete |  0
|2043|0x00000000ffb00000, 0x00000000ffc00000, 0x00000000ffc00000|100%| O|  |TAMS 0x00000000ffb00000| PB 0x00000000ffb00000| Untracked |  0
|2044|0x00000000ffc00000, 0x00000000ffd00000, 0x00000000ffd00000|100%| E|CS|TAMS 0x00000000ffc00000| PB 0x00000000ffc00000| Complete |  0
|2045|0x00000000ffd00000, 0x00000000ffe00000, 0x00000000ffe00000|100%| O|  |TAMS 0x00000000ffd00000| PB 0x00000000ffd00000| Untracked |  0
|2046|0x00000000ffe00000, 0x00000000fff00000, 0x00000000fff00000|100%| O|  |TAMS 0x00000000ffe00000| PB 0x00000000ffe00000| Untracked |  0
|2047|0x00000000fff00000, 0x0000000100000000, 0x0000000100000000|100%| O|  |TAMS 0x00000000fff00000| PB 0x00000000fff00000| Untracked |  0

Card table byte_map: [0x00007f6604e00000,0x00007f6605200000] _byte_map_base: 0x00007f6604a00000

Marking Bits: (CMBitMap*) 0x00007f660008a4f0
 Bits: [0x00007f65eba00000, 0x00007f65eda00000)

Polling page: 0x00007f6607cc5000

Metaspace:
Metaspace        used 263885K, committed 266624K, reserved 1310720K
 class space     used 36024K, committed 37312K, reserved 1048576K

Usage:
  Non-class:    222.52 MB used.
      Class:     35.18 MB used.
       Both:    257.70 MB used.

Virtual space:
  Non-class space:      256.00 MB reserved,     223.94 MB ( 87%) committed,  4 nodes.
      Class space:        1.00 GB reserved,      36.44 MB (  4%) committed,  1 nodes.
             Both:        1.25 GB reserved,     260.38 MB ( 20%) committed. 

Chunk freelists:
   Non-Class:  15.45 MB
       Class:  11.42 MB
        Both:  26.87 MB

MaxMetaspaceSize: unlimited
CompressedClassSpaceSize: 1.00 GB
Initial GC threshold: 21.00 MB
Current GC threshold: 433.75 MB
CDS: off
 - commit_granule_bytes: 65536.
 - commit_granule_words: 8192.
 - virtual_space_node_default_size: 8388608.
 - enlarge_chunks_in_place: 1.
UseCompressedClassPointers 1, UseCompactObjectHeaders 0
Narrow klass pointer bits 32, Max shift 3
Narrow klass base: 0x0000000000000000, Narrow klass shift: 0
Encoding Range: [0x0000000000000000 - 0x0000000100000000), (4294967296 bytes)
Klass Range:    [0x0000000026000000 - 0x0000000066000000), (1073741824 bytes)
Klass ID Range:  [637534208 - 1711276025) (1073741817)
No protection zone.


Internal statistics:

num_allocs_failed_limit: 6.
num_arena_births: 5154.
num_arena_deaths: 12.
num_vsnodes_births: 5.
num_vsnodes_deaths: 0.
num_space_committed: 4164.
num_space_uncommitted: 0.
num_chunks_returned_to_freelist: 19.
num_chunks_taken_from_freelist: 15360.
num_chunk_merges: 6.
num_chunk_splits: 10982.
num_chunks_enlarged: 8109.
num_inconsistent_stats: 0.

CodeHeap 'non-profiled nmethods': size=120032Kb used=5811Kb max_used=12659Kb free=114220Kb
 bounds [0x00007f65f54c8000, 0x00007f65f6128000, 0x00007f65fca00000]
CodeHeap 'profiled nmethods': size=120028Kb used=18491Kb max_used=41099Kb free=101536Kb
 bounds [0x00007f65eda00000, 0x00007f65f0230000, 0x00007f65f4f37000]
CodeHeap 'non-nmethods': size=5700Kb used=2779Kb max_used=2896Kb free=2920Kb
 bounds [0x00007f65f4f37000, 0x00007f65f5217000, 0x00007f65f54c8000]
CodeCache: size=245760Kb, used=27081Kb, max_used=56654Kb, free=218676Kb
 total_blobs=12892, nmethods=11513, adapters=1279, full_count=0
Compilation: enabled, stopped_count=0, restarted_count=0

Compilation events (20 events):
Event: 202.317 Thread 0x00007f6600188670 nmethod 44663 0x00007f65ee101c08 code [0x00007f65ee101d00, 0x00007f65ee101e28]
Event: 202.318 Thread 0x00007f6600186d50 44653       4       org.jetbrains.kotlin.protobuf.FieldSet::isInitialized (83 bytes)
Event: 202.326 Thread 0x00007f6600186d50 nmethod 44653 0x00007f65f5917a08 code [0x00007f65f5917b00, 0x00007f65f5917e88]
Event: 202.327 Thread 0x00007f6600186d50 44188       4       com.android.tools.r8.internal.ij4::E (25 bytes)
Event: 202.332 Thread 0x00007f6600186d50 nmethod 44188 0x00007f65f5629208 code [0x00007f65f5629300, 0x00007f65f5629470]
Event: 202.333 Thread 0x00007f6600186d50 44158       4       com.android.tools.r8.internal.cz2::a (23 bytes)
Event: 202.336 Thread 0x00007f6600188670 44664       2       com.android.tools.r8.internal.if4::e (4 bytes)
Event: 202.336 Thread 0x00007f6600188670 nmethod 44664 0x00007f65ee1b4388 code [0x00007f65ee1b4480, 0x00007f65ee1b4568]
Event: 202.337 Thread 0x00007f6600186d50 nmethod 44158 0x00007f65f5629808 code [0x00007f65f5629900, 0x00007f65f5629a38]
Event: 202.340 Thread 0x00007f6600186d50 43564       4       com.android.tools.r8.internal.qj4::b (49 bytes)
Event: 202.362 Thread 0x00007f6600186d50 nmethod 43564 0x00007f65f59c6f88 code [0x00007f65f59c7080, 0x00007f65f59c77c0]
Event: 202.374 Thread 0x00007f6600186d50 43960       4       com.android.tools.r8.internal.oa1::c (109 bytes)
Event: 202.374 Thread 0x00007f6600188670 44665       2       org.gradle.api.internal.file.DefaultFilePropertyFactory$DefaultDirectoryVar::value (9 bytes)
Event: 202.375 Thread 0x00007f6600188670 nmethod 44665 0x00007f65ee1ba188 code [0x00007f65ee1ba280, 0x00007f65ee1ba3a8]
Event: 202.375 Thread 0x00007f6600188670 44666       3       com.android.tools.r8.internal.fu2::a (25 bytes)
Event: 202.376 Thread 0x00007f6600188670 nmethod 44666 0x00007f65ee1d6c88 code [0x00007f65ee1d6d80, 0x00007f65ee1d6f78]
Event: 202.378 Thread 0x00007f6600186d50 nmethod 43960 0x00007f65f565de08 code [0x00007f65f565df00, 0x00007f65f565e4f0]
Event: 202.380 Thread 0x00007f6600186d50 44109       4       com.android.tools.r8.internal.o03::a (112 bytes)
Event: 202.382 Thread 0x00007f6600186d50 nmethod 44109 0x00007f65f5651708 code [0x00007f65f5651800, 0x00007f65f56518a0]
Event: 202.383 Thread 0x00007f6600186d50 43900       4       com.android.tools.r8.internal.sl1::e (128 bytes)

GC Heap Usage History (20 events):
Event: 194.481 {heap After GC invocations=105 (full 0):
 garbage-first heap   total reserved 2097152K, committed 1386496K, used 593164K [0x0000000080000000, 0x0000000100000000)
  region size 1024K, 40 young (40960K), 40 survivors (40960K)
}
Event: 195.577 {heap Before GC invocations=105 (full 0):
 garbage-first heap   total reserved 2097152K, committed 1386496K, used 1296652K [0x0000000080000000, 0x0000000100000000)
  region size 1024K, 724 young (741376K), 40 survivors (40960K)
}
Event: 195.641 {heap After GC invocations=106 (full 0):
 garbage-first heap   total reserved 2097152K, committed 1386496K, used 608524K [0x0000000080000000, 0x0000000100000000)
  region size 1024K, 55 young (56320K), 55 survivors (56320K)
}
Event: 196.736 {heap Before GC invocations=106 (full 0):
 garbage-first heap   total reserved 2097152K, committed 1386496K, used 1297676K [0x0000000080000000, 0x0000000100000000)
  region size 1024K, 728 young (745472K), 55 survivors (56320K)
}
Event: 196.818 {heap After GC invocations=107 (full 0):
 garbage-first heap   total reserved 2097152K, committed 1389568K, used 608768K [0x0000000080000000, 0x0000000100000000)
  region size 1024K, 64 young (65536K), 64 survivors (65536K)
}
Event: 197.641 {heap Before GC invocations=107 (full 0):
 garbage-first heap   total reserved 2097152K, committed 1389568K, used 1299968K [0x0000000080000000, 0x0000000100000000)
  region size 1024K, 740 young (757760K), 64 survivors (65536K)
}
Event: 197.686 {heap After GC invocations=108 (full 0):
 garbage-first heap   total reserved 2097152K, committed 1389568K, used 623104K [0x0000000080000000, 0x0000000100000000)
  region size 1024K, 56 young (57344K), 56 survivors (57344K)
}
Event: 198.498 {heap Before GC invocations=109 (full 0):
 garbage-first heap   total reserved 2097152K, committed 1389568K, used 1307136K [0x0000000080000000, 0x0000000100000000)
  region size 1024K, 725 young (742400K), 56 survivors (57344K)
}
Event: 198.529 {heap After GC invocations=110 (full 0):
 garbage-first heap   total reserved 2097152K, committed 1389568K, used 625931K [0x0000000080000000, 0x0000000100000000)
  region size 1024K, 40 young (40960K), 40 survivors (40960K)
}
Event: 199.125 {heap Before GC invocations=110 (full 0):
 garbage-first heap   total reserved 2097152K, committed 1389568K, used 1318155K [0x0000000080000000, 0x0000000100000000)
  region size 1024K, 716 young (733184K), 40 survivors (40960K)
}
Event: 199.153 {heap After GC invocations=111 (full 0):
 garbage-first heap   total reserved 2097152K, committed 1389568K, used 631051K [0x0000000080000000, 0x0000000100000000)
  region size 1024K, 45 young (46080K), 45 survivors (46080K)
}
Event: 199.713 {heap Before GC invocations=111 (full 0):
 garbage-first heap   total reserved 2097152K, committed 1389568K, used 1318155K [0x0000000080000000, 0x0000000100000000)
  region size 1024K, 716 young (733184K), 45 survivors (46080K)
}
Event: 199.759 {heap After GC invocations=112 (full 0):
 garbage-first heap   total reserved 2097152K, committed 1395712K, used 594432K [0x0000000080000000, 0x0000000100000000)
  region size 1024K, 41 young (41984K), 41 survivors (41984K)
}
Event: 200.328 {heap Before GC invocations=112 (full 0):
 garbage-first heap   total reserved 2097152K, committed 1395712K, used 1323520K [0x0000000080000000, 0x0000000100000000)
  region size 1024K, 754 young (772096K), 41 survivors (41984K)
}
Event: 200.357 {heap After GC invocations=113 (full 0):
 garbage-first heap   total reserved 2097152K, committed 1395712K, used 596480K [0x0000000080000000, 0x0000000100000000)
  region size 1024K, 43 young (44032K), 43 survivors (44032K)
}
Event: 201.040 {heap Before GC invocations=113 (full 0):
 garbage-first heap   total reserved 2097152K, committed 1395712K, used 1326592K [0x0000000080000000, 0x0000000100000000)
  region size 1024K, 754 young (772096K), 43 survivors (44032K)
}
Event: 201.073 {heap After GC invocations=114 (full 0):
 garbage-first heap   total reserved 2097152K, committed 1395712K, used 608768K [0x0000000080000000, 0x0000000100000000)
  region size 1024K, 54 young (55296K), 54 survivors (55296K)
}
Event: 201.736 {heap Before GC invocations=115 (full 0):
 garbage-first heap   total reserved 2097152K, committed 1395712K, used 1323520K [0x0000000080000000, 0x0000000100000000)
  region size 1024K, 753 young (771072K), 54 survivors (55296K)
}
Event: 201.793 {heap After GC invocations=116 (full 0):
 garbage-first heap   total reserved 2097152K, committed 1397760K, used 625313K [0x0000000080000000, 0x0000000100000000)
  region size 1024K, 56 young (57344K), 56 survivors (57344K)
}
Event: 202.389 {heap Before GC invocations=116 (full 0):
 garbage-first heap   total reserved 2097152K, committed 1397760K, used 1325729K [0x0000000080000000, 0x0000000100000000)
  region size 1024K, 740 young (757760K), 56 survivors (57344K)
}

Metaspace Usage History (20 events):
Event: 194.481 {metaspace After GC invocations=105 (full 0):
 Metaspace       used 263631K, committed 266304K, reserved 1310720K
  class space    used 36010K, committed 37248K, reserved 1048576K
}
Event: 195.577 {metaspace Before GC invocations=105 (full 0):
 Metaspace       used 263674K, committed 266304K, reserved 1310720K
  class space    used 36010K, committed 37248K, reserved 1048576K
}
Event: 195.641 {metaspace After GC invocations=106 (full 0):
 Metaspace       used 263674K, committed 266304K, reserved 1310720K
  class space    used 36010K, committed 37248K, reserved 1048576K
}
Event: 196.736 {metaspace Before GC invocations=106 (full 0):
 Metaspace       used 263718K, committed 266432K, reserved 1310720K
  class space    used 36015K, committed 37312K, reserved 1048576K
}
Event: 196.818 {metaspace After GC invocations=107 (full 0):
 Metaspace       used 263718K, committed 266432K, reserved 1310720K
  class space    used 36015K, committed 37312K, reserved 1048576K
}
Event: 197.641 {metaspace Before GC invocations=107 (full 0):
 Metaspace       used 263748K, committed 266432K, reserved 1310720K
  class space    used 36019K, committed 37312K, reserved 1048576K
}
Event: 197.686 {metaspace After GC invocations=108 (full 0):
 Metaspace       used 263748K, committed 266432K, reserved 1310720K
  class space    used 36019K, committed 37312K, reserved 1048576K
}
Event: 198.498 {metaspace Before GC invocations=109 (full 0):
 Metaspace       used 263787K, committed 266496K, reserved 1310720K
  class space    used 36023K, committed 37312K, reserved 1048576K
}
Event: 198.529 {metaspace After GC invocations=110 (full 0):
 Metaspace       used 263787K, committed 266496K, reserved 1310720K
  class space    used 36023K, committed 37312K, reserved 1048576K
}
Event: 199.125 {metaspace Before GC invocations=110 (full 0):
 Metaspace       used 263803K, committed 266496K, reserved 1310720K
  class space    used 36023K, committed 37312K, reserved 1048576K
}
Event: 199.153 {metaspace After GC invocations=111 (full 0):
 Metaspace       used 263803K, committed 266496K, reserved 1310720K
  class space    used 36023K, committed 37312K, reserved 1048576K
}
Event: 199.713 {metaspace Before GC invocations=111 (full 0):
 Metaspace       used 263818K, committed 266496K, reserved 1310720K
  class space    used 36023K, committed 37312K, reserved 1048576K
}
Event: 199.759 {metaspace After GC invocations=112 (full 0):
 Metaspace       used 263818K, committed 266496K, reserved 1310720K
  class space    used 36023K, committed 37312K, reserved 1048576K
}
Event: 200.328 {metaspace Before GC invocations=112 (full 0):
 Metaspace       used 263839K, committed 266496K, reserved 1310720K
  class space    used 36024K, committed 37312K, reserved 1048576K
}
Event: 200.357 {metaspace After GC invocations=113 (full 0):
 Metaspace       used 263839K, committed 266496K, reserved 1310720K
  class space    used 36024K, committed 37312K, reserved 1048576K
}
Event: 201.040 {metaspace Before GC invocations=113 (full 0):
 Metaspace       used 263847K, committed 266560K, reserved 1310720K
  class space    used 36024K, committed 37312K, reserved 1048576K
}
Event: 201.073 {metaspace After GC invocations=114 (full 0):
 Metaspace       used 263847K, committed 266560K, reserved 1310720K
  class space    used 36024K, committed 37312K, reserved 1048576K
}
Event: 201.736 {metaspace Before GC invocations=115 (full 0):
 Metaspace       used 263867K, committed 266624K, reserved 1310720K
  class space    used 36024K, committed 37312K, reserved 1048576K
}
Event: 201.793 {metaspace After GC invocations=116 (full 0):
 Metaspace       used 263867K, committed 266624K, reserved 1310720K
  class space    used 36024K, committed 37312K, reserved 1048576K
}
Event: 202.389 {metaspace Before GC invocations=116 (full 0):
 Metaspace       used 263885K, committed 266624K, reserved 1310720K
  class space    used 36024K, committed 37312K, reserved 1048576K
}

Dll operation events (13 events):
Event: 0.004 Loaded shared library /home/thecoder/programs/android-studio/jbr/lib/libjava.so
Event: 0.009 Loaded shared library /home/thecoder/programs/android-studio/jbr/lib/libzip.so
Event: 0.149 Loaded shared library /home/thecoder/programs/android-studio/jbr/lib/libnio.so
Event: 0.154 Loaded shared library /home/thecoder/programs/android-studio/jbr/lib/libinstrument.so
Event: 0.161 Loaded shared library /home/thecoder/programs/android-studio/jbr/lib/libzip.so
Event: 0.228 Loaded shared library /home/thecoder/programs/android-studio/jbr/lib/libnet.so
Event: 0.279 Loaded shared library /home/thecoder/programs/android-studio/jbr/lib/libjimage.so
Event: 0.435 Loaded shared library /home/thecoder/programs/android-studio/jbr/lib/libverify.so
Event: 0.460 Loaded shared library /home/thecoder/.gradle/native/660c5614fbf4a5f2a75b1949f50a0caf5cd603558e7d8a26e50b933a0cfb79d1/linux-amd64/libnative-platform.so
Event: 0.476 Loaded shared library /home/thecoder/.gradle/native/0.2.8/x86_64-linux-gnu/libgradle-fileevents.so
Event: 1.284 Loaded shared library /home/thecoder/programs/android-studio/jbr/lib/libmanagement.so
Event: 1.284 Loaded shared library /home/thecoder/programs/android-studio/jbr/lib/libmanagement_ext.so
Event: 1.383 Loaded shared library /home/thecoder/programs/android-studio/jbr/lib/libextnet.so

Deoptimization events (20 events):
Event: 201.840 Thread 0x00007f649c226010 DEOPT PACKING pc=0x00007f65ee34fb95 sp=0x00007f644bef8b00
Event: 201.840 Thread 0x00007f649c226010 DEOPT UNPACKING pc=0x00007f65f4f87fef sp=0x00007f644bef8250 mode 0
Event: 201.843 Thread 0x00007f649c226010 DEOPT PACKING pc=0x00007f65ee34fb95 sp=0x00007f644bef8b00
Event: 201.843 Thread 0x00007f649c226010 DEOPT UNPACKING pc=0x00007f65f4f87fef sp=0x00007f644bef8250 mode 0
Event: 201.856 Thread 0x00007f649c226010 DEOPT PACKING pc=0x00007f65edaf9a55 sp=0x00007f644bef8f90
Event: 201.856 Thread 0x00007f649c226010 DEOPT UNPACKING pc=0x00007f65f4f87fef sp=0x00007f644bef8488 mode 0
Event: 201.859 Thread 0x00007f649c226010 DEOPT PACKING pc=0x00007f65ee34fb95 sp=0x00007f644bef8b00
Event: 201.859 Thread 0x00007f649c226010 DEOPT UNPACKING pc=0x00007f65f4f87fef sp=0x00007f644bef8250 mode 0
Event: 202.218 Thread 0x00007f64e4002a20 DEOPT PACKING pc=0x00007f65ee9d6289 sp=0x00007f64906f6720
Event: 202.218 Thread 0x00007f64e4002a20 DEOPT UNPACKING pc=0x00007f65f4f87fef sp=0x00007f64906f5ba8 mode 0
Event: 202.250 Thread 0x00007f64e4002a20 DEOPT PACKING pc=0x00007f65ee9d6289 sp=0x00007f64906f6720
Event: 202.250 Thread 0x00007f64e4002a20 DEOPT UNPACKING pc=0x00007f65f4f87fef sp=0x00007f64906f5ba8 mode 0
Event: 202.269 Thread 0x00007f64e4002a20 DEOPT PACKING pc=0x00007f65ee9d6289 sp=0x00007f64906f6820
Event: 202.269 Thread 0x00007f64e4002a20 DEOPT UNPACKING pc=0x00007f65f4f87fef sp=0x00007f64906f5ca8 mode 0
Event: 202.273 Thread 0x00007f649c226010 Uncommon trap: trap_request=0xffffff45 fr.pc=0x00007f65f5c7bf0c relative=0x000000000000158c
Event: 202.273 Thread 0x00007f649c226010 Uncommon trap: reason=unstable_if action=reinterpret pc=0x00007f65f5c7bf0c method=com.android.tools.r8.internal.ud.a(Lcom/android/tools/r8/internal/ij4;Lcom/android/tools/r8/internal/a03;Lcom/android/tools/r8/internal/la1;Lcom/android/tools/r8/internal/la
Event: 202.274 Thread 0x00007f649c226010 DEOPT PACKING pc=0x00007f65f5c7bf0c sp=0x00007f644bef8db0
Event: 202.274 Thread 0x00007f649c226010 DEOPT UNPACKING pc=0x00007f65f5051ef9 sp=0x00007f644bef8dc0 mode 2
Event: 202.282 Thread 0x00007f64e4002a20 DEOPT PACKING pc=0x00007f65ee9d6289 sp=0x00007f64906f6b30
Event: 202.282 Thread 0x00007f64e4002a20 DEOPT UNPACKING pc=0x00007f65f4f87fef sp=0x00007f64906f5fb8 mode 0

Classes loaded (20 events):
Event: 170.417 Loading class java/util/IdentityHashMap$IdentityHashMapSpliterator done
Event: 170.420 Loading class java/util/IdentityHashMap$EntrySpliterator done
Event: 170.651 Loading class java/util/SortedSet$1
Event: 170.654 Loading class java/util/SortedSet$1 done
Event: 172.033 Loading class java/util/concurrent/ForkJoinTask$AdaptedCallable
Event: 172.271 Loading class java/util/concurrent/ForkJoinTask$AdaptedCallable done
Event: 176.609 Loading class java/rmi/RemoteException
Event: 176.676 Loading class java/rmi/RemoteException done
Event: 179.473 Loading class java/nio/ShortBuffer
Event: 179.474 Loading class java/nio/ShortBuffer done
Event: 179.493 Loading class java/util/DualPivotQuicksort$SortOperation
Event: 179.493 Loading class java/util/DualPivotQuicksort$SortOperation done
Event: 179.884 Loading class java/nio/ByteBufferAsShortBufferL
Event: 179.884 Loading class java/nio/ByteBufferAsShortBufferL done
Event: 179.954 Loading class java/util/zip/Adler32
Event: 179.954 Loading class java/util/zip/Adler32 done
Event: 180.911 Loading class java/nio/BufferUnderflowException
Event: 180.920 Loading class java/nio/BufferUnderflowException done
Event: 181.752 Loading class java/nio/HeapShortBuffer
Event: 181.759 Loading class java/nio/HeapShortBuffer done

Classes unloaded (6 events):
Event: 165.361 Thread 0x00007f6600145fd0 Unloading class 0x0000000027a7c000 'java/lang/invoke/LambdaForm$MH+0x0000000027a7c000'
Event: 168.956 Thread 0x00007f6600145fd0 Unloading class 0x00000000280e0400 'java/lang/invoke/LambdaForm$DMH+0x00000000280e0400'
Event: 178.473 Thread 0x00007f6600145fd0 Unloading class 0x000000002829c000 'java/lang/invoke/LambdaForm$DMH+0x000000002829c000'
Event: 186.613 Thread 0x00007f6600145fd0 Unloading class 0x00000000283b8400 'java/lang/invoke/LambdaForm$DMH+0x00000000283b8400'
Event: 186.613 Thread 0x00007f6600145fd0 Unloading class 0x0000000028351000 'java/lang/invoke/LambdaForm$DMH+0x0000000028351000'
Event: 186.613 Thread 0x00007f6600145fd0 Unloading class 0x00000000282c0400 'java/lang/invoke/LambdaForm$DMH+0x00000000282c0400'

Classes redefined (0 events):
No events

Internal exceptions (20 events):
Event: 201.531 Thread 0x00007f64e4002a20 Exception <a 'sun/nio/fs/UnixException'{0x00000000b5806398}> (0x00000000b5806398) 
thrown [src/hotspot/share/prims/jni.cpp, line 535]
Event: 201.532 Thread 0x00007f64e4002a20 Exception <a 'sun/nio/fs/UnixException'{0x00000000b580cc80}> (0x00000000b580cc80) 
thrown [src/hotspot/share/prims/jni.cpp, line 535]
Event: 201.533 Thread 0x00007f64e4002a20 Exception <a 'sun/nio/fs/UnixException'{0x00000000b58169f0}> (0x00000000b58169f0) 
thrown [src/hotspot/share/prims/jni.cpp, line 535]
Event: 201.533 Thread 0x00007f64e4002a20 Exception <a 'sun/nio/fs/UnixException'{0x00000000b5817c10}> (0x00000000b5817c10) 
thrown [src/hotspot/share/prims/jni.cpp, line 535]
Event: 201.553 Thread 0x00007f64e4002a20 Exception <a 'sun/nio/fs/UnixException'{0x00000000b481c7c0}> (0x00000000b481c7c0) 
thrown [src/hotspot/share/prims/jni.cpp, line 535]
Event: 201.554 Thread 0x00007f64e4002a20 Exception <a 'sun/nio/fs/UnixException'{0x00000000b48230b0}> (0x00000000b48230b0) 
thrown [src/hotspot/share/prims/jni.cpp, line 535]
Event: 201.555 Thread 0x00007f64e4002a20 Exception <a 'sun/nio/fs/UnixException'{0x00000000b482ce20}> (0x00000000b482ce20) 
thrown [src/hotspot/share/prims/jni.cpp, line 535]
Event: 201.555 Thread 0x00007f64e4002a20 Exception <a 'sun/nio/fs/UnixException'{0x00000000b482e040}> (0x00000000b482e040) 
thrown [src/hotspot/share/prims/jni.cpp, line 535]
Event: 201.568 Thread 0x00007f64e4002a20 Exception <a 'sun/nio/fs/UnixException'{0x00000000b3acab28}> (0x00000000b3acab28) 
thrown [src/hotspot/share/prims/jni.cpp, line 535]
Event: 201.569 Thread 0x00007f64e4002a20 Exception <a 'sun/nio/fs/UnixException'{0x00000000b3ad1420}> (0x00000000b3ad1420) 
thrown [src/hotspot/share/prims/jni.cpp, line 535]
Event: 201.569 Thread 0x00007f64e4002a20 Exception <a 'sun/nio/fs/UnixException'{0x00000000b3adb190}> (0x00000000b3adb190) 
thrown [src/hotspot/share/prims/jni.cpp, line 535]
Event: 201.570 Thread 0x00007f64e4002a20 Exception <a 'sun/nio/fs/UnixException'{0x00000000b3adc3b0}> (0x00000000b3adc3b0) 
thrown [src/hotspot/share/prims/jni.cpp, line 535]
Event: 202.308 Thread 0x00007f64e4002a20 Exception <a 'sun/nio/fs/UnixException'{0x00000000af1bd550}> (0x00000000af1bd550) 
thrown [src/hotspot/share/prims/jni.cpp, line 535]
Event: 202.308 Thread 0x00007f64e4002a20 Exception <a 'sun/nio/fs/UnixException'{0x00000000af1c3e58}> (0x00000000af1c3e58) 
thrown [src/hotspot/share/prims/jni.cpp, line 535]
Event: 202.309 Thread 0x00007f64e4002a20 Exception <a 'sun/nio/fs/UnixException'{0x00000000af1cdbc8}> (0x00000000af1cdbc8) 
thrown [src/hotspot/share/prims/jni.cpp, line 535]
Event: 202.309 Thread 0x00007f64e4002a20 Exception <a 'sun/nio/fs/UnixException'{0x00000000af1cede8}> (0x00000000af1cede8) 
thrown [src/hotspot/share/prims/jni.cpp, line 535]
Event: 202.361 Thread 0x00007f64e4002a20 Exception <a 'sun/nio/fs/UnixException'{0x00000000aa81d450}> (0x00000000aa81d450) 
thrown [src/hotspot/share/prims/jni.cpp, line 535]
Event: 202.361 Thread 0x00007f64e4002a20 Exception <a 'sun/nio/fs/UnixException'{0x00000000aa823d60}> (0x00000000aa823d60) 
thrown [src/hotspot/share/prims/jni.cpp, line 535]
Event: 202.362 Thread 0x00007f64e4002a20 Exception <a 'sun/nio/fs/UnixException'{0x00000000aa82dad0}> (0x00000000aa82dad0) 
thrown [src/hotspot/share/prims/jni.cpp, line 535]
Event: 202.363 Thread 0x00007f64e4002a20 Exception <a 'sun/nio/fs/UnixException'{0x00000000aa82ecf0}> (0x00000000aa82ecf0) 
thrown [src/hotspot/share/prims/jni.cpp, line 535]

VM Operations (20 events):
Event: 198.441 Executing safepoint VM operation: G1PauseRemark done
Event: 198.497 Executing safepoint VM operation: G1CollectForAllocation (G1 Evacuation Pause)
Event: 198.529 Executing safepoint VM operation: G1CollectForAllocation (G1 Evacuation Pause) done
Event: 199.086 Executing safepoint VM operation: G1PauseCleanup
Event: 199.086 Executing safepoint VM operation: G1PauseCleanup done
Event: 199.125 Executing safepoint VM operation: G1CollectForAllocation (G1 Evacuation Pause)
Event: 199.154 Executing safepoint VM operation: G1CollectForAllocation (G1 Evacuation Pause) done
Event: 199.713 Executing safepoint VM operation: G1CollectForAllocation (G1 Evacuation Pause)
Event: 199.760 Executing safepoint VM operation: G1CollectForAllocation (G1 Evacuation Pause) done
Event: 200.328 Executing safepoint VM operation: G1CollectForAllocation (G1 Evacuation Pause)
Event: 200.357 Executing safepoint VM operation: G1CollectForAllocation (G1 Evacuation Pause) done
Event: 201.039 Executing safepoint VM operation: G1CollectForAllocation (G1 Evacuation Pause)
Event: 201.073 Executing safepoint VM operation: G1CollectForAllocation (G1 Evacuation Pause) done
Event: 201.088 Executing safepoint VM operation: G1PauseRemark
Event: 201.098 Executing safepoint VM operation: G1PauseRemark done
Event: 201.507 Executing safepoint VM operation: G1PauseCleanup
Event: 201.508 Executing safepoint VM operation: G1PauseCleanup done
Event: 201.736 Executing safepoint VM operation: G1CollectForAllocation (G1 Evacuation Pause)
Event: 201.793 Executing safepoint VM operation: G1CollectForAllocation (G1 Evacuation Pause) done
Event: 202.389 Executing safepoint VM operation: G1CollectForAllocation (G1 Evacuation Pause)

Memory protections (20 events):
Event: 166.154 Protecting memory [0x00007f64f2600000,0x00007f64f2604000] with protection modes 0
Event: 166.245 Protecting memory [0x00007f64f2500000,0x00007f64f2504000] with protection modes 0
Event: 166.276 Protecting memory [0x00007f64f2400000,0x00007f64f2404000] with protection modes 0
Event: 166.324 Protecting memory [0x00007f64f2300000,0x00007f64f2304000] with protection modes 0
Event: 166.331 Protecting memory [0x00007f64f2200000,0x00007f64f2204000] with protection modes 0
Event: 166.355 Protecting memory [0x00007f64f2100000,0x00007f64f2104000] with protection modes 0
Event: 166.359 Protecting memory [0x00007f64f2000000,0x00007f64f2004000] with protection modes 0
Event: 166.376 Protecting memory [0x00007f64f1f00000,0x00007f64f1f04000] with protection modes 0
Event: 181.410 Protecting memory [0x00007f64f3500000,0x00007f64f3504000] with protection modes 0
Event: 181.416 Protecting memory [0x00007f64f3800000,0x00007f64f3804000] with protection modes 0
Event: 181.449 Protecting memory [0x00007f64f3300000,0x00007f64f3304000] with protection modes 0
Event: 181.493 Protecting memory [0x00007f64f3c00000,0x00007f64f3c04000] with protection modes 0
Event: 181.519 Protecting memory [0x00007f64f3700000,0x00007f64f3704000] with protection modes 0
Event: 181.520 Protecting memory [0x00007f64f3600000,0x00007f64f3604000] with protection modes 0
Event: 181.520 Protecting memory [0x00007f64f3400000,0x00007f64f3404000] with protection modes 0
Event: 181.525 Protecting memory [0x00007f64f3b00000,0x00007f64f3b04000] with protection modes 0
Event: 181.528 Protecting memory [0x00007f64f3100000,0x00007f64f3104000] with protection modes 0
Event: 181.530 Protecting memory [0x00007f64f3a00000,0x00007f64f3a04000] with protection modes 0
Event: 181.531 Protecting memory [0x00007f64f3900000,0x00007f64f3904000] with protection modes 0
Event: 181.686 Protecting memory [0x00007f64f3200000,0x00007f64f3204000] with protection modes 0

Nmethod flushes (20 events):
Event: 201.095 Thread 0x00007f6600145fd0 flushing  nmethod 0x00007f65efb66f88
Event: 201.095 Thread 0x00007f6600145fd0 flushing  nmethod 0x00007f65efb9ae08
Event: 201.095 Thread 0x00007f6600145fd0 flushing  nmethod 0x00007f65efee7088
Event: 201.095 Thread 0x00007f6600145fd0 flushing  nmethod 0x00007f65efef0708
Event: 201.095 Thread 0x00007f6600145fd0 flushing  nmethod 0x00007f65f552d508
Event: 201.095 Thread 0x00007f6600145fd0 flushing  nmethod 0x00007f65f5b15208
Event: 201.095 Thread 0x00007f6600145fd0 flushing  nmethod 0x00007f65ede46388
Event: 201.095 Thread 0x00007f6600145fd0 flushing  nmethod 0x00007f65ee00d788
Event: 201.095 Thread 0x00007f6600145fd0 flushing  nmethod 0x00007f65eec6ca08
Event: 201.095 Thread 0x00007f6600145fd0 flushing  nmethod 0x00007f65ef34aa08
Event: 201.095 Thread 0x00007f6600145fd0 flushing  nmethod 0x00007f65ef542308
Event: 201.095 Thread 0x00007f6600145fd0 flushing  nmethod 0x00007f65ef652108
Event: 201.095 Thread 0x00007f6600145fd0 flushing  nmethod 0x00007f65ef87a888
Event: 201.095 Thread 0x00007f6600145fd0 flushing  nmethod 0x00007f65efa63408
Event: 201.095 Thread 0x00007f6600145fd0 flushing  nmethod 0x00007f65eeb85e08
Event: 201.095 Thread 0x00007f6600145fd0 flushing  nmethod 0x00007f65eed5f908
Event: 201.095 Thread 0x00007f6600145fd0 flushing  nmethod 0x00007f65ef47ab88
Event: 201.095 Thread 0x00007f6600145fd0 flushing  nmethod 0x00007f65ef7e1588
Event: 201.095 Thread 0x00007f6600145fd0 flushing  nmethod 0x00007f65ef9c4508
Event: 201.095 Thread 0x00007f6600145fd0 flushing  nmethod 0x00007f65efc79c88

Events (20 events):
Event: 181.519 Thread 0x00007f65d00b5ea0 Thread added: 0x00007f65cc001550
Event: 181.519 Thread 0x00007f644c06dac0 Thread added: 0x00007f65ac00a8c0
Event: 181.520 Thread 0x00007f644c020fe0 Thread added: 0x00007f65b4008230
Event: 181.525 Thread 0x00007f65b4008230 Thread added: 0x00007f65e0013030
Event: 181.528 Thread 0x00007f65e0013030 Thread added: 0x00007f65dc002fa0
Event: 181.530 Thread 0x00007f65cc001550 Thread added: 0x00007f65d80013b0
Event: 181.530 Thread 0x00007f65ac00a8c0 Thread added: 0x00007f65d4001300
Event: 181.686 Thread 0x00007f65dc002fa0 Thread added: 0x00007f65e4039b20
Event: 183.058 Thread 0x00007f65cc001550 Thread exited: 0x00007f65cc001550
Event: 183.058 Thread 0x00007f644c020fe0 Thread exited: 0x00007f644c020fe0
Event: 183.058 Thread 0x00007f65e0013030 Thread exited: 0x00007f65e0013030
Event: 183.058 Thread 0x00007f65d00b5ea0 Thread exited: 0x00007f65d00b5ea0
Event: 183.058 Thread 0x00007f65d80013b0 Thread exited: 0x00007f65d80013b0
Event: 183.058 Thread 0x00007f65e4039b20 Thread exited: 0x00007f65e4039b20
Event: 183.059 Thread 0x00007f65d4001300 Thread exited: 0x00007f65d4001300
Event: 183.059 Thread 0x00007f644c021890 Thread exited: 0x00007f644c021890
Event: 183.059 Thread 0x00007f644c06dac0 Thread exited: 0x00007f644c06dac0
Event: 183.059 Thread 0x00007f65ac00a8c0 Thread exited: 0x00007f65ac00a8c0
Event: 183.059 Thread 0x00007f65dc002fa0 Thread exited: 0x00007f65dc002fa0
Event: 183.077 Thread 0x00007f65b4008230 Thread exited: 0x00007f65b4008230


Dynamic libraries:
26000000-260a0000 rw-p 00000000 00:00 0 
260a0000-260c0000 rw-p 00000000 00:00 0 
260c0000-26140000 rw-p 00000000 00:00 0 
26140000-26180000 rw-p 00000000 00:00 0 
26180000-26240000 rw-p 00000000 00:00 0 
26240000-262c0000 rw-p 00000000 00:00 0 
262c0000-26300000 rw-p 00000000 00:00 0 
26300000-267c0000 rw-p 00000000 00:00 0 
267c0000-26800000 rw-p 00000000 00:00 0 
26800000-27540000 rw-p 00000000 00:00 0 
27540000-275c0000 rw-p 00000000 00:00 0 
275c0000-275e0000 rw-p 00000000 00:00 0 
275e0000-277c0000 rw-p 00000000 00:00 0 
277c0000-27800000 rw-p 00000000 00:00 0 
27800000-283c0000 rw-p 00000000 00:00 0 
283c0000-283d0000 rw-p 00000000 00:00 0 
283d0000-28400000 ---p 00000000 00:00 0 
28400000-284a0000 rw-p 00000000 00:00 0 
284a0000-66000000 ---p 00000000 00:00 0 
80000000-cd500000 rw-p 00000000 00:00 0 
cd500000-cd600000 ---p 00000000 00:00 0 
cd600000-f6f00000 ---p 00000000 00:00 0 
f6f00000-100000000 rw-p 00000000 00:00 0 
56144dcf9000-56144dcfa000 r--p 00000000 00:21 16674726                   /home/thecoder/programs/android-studio/jbr/bin/java
56144dcfa000-56144dcfb000 r-xp 00000000 00:21 16674726                   /home/thecoder/programs/android-studio/jbr/bin/java
56144dcfb000-56144dcfd000 r--p 00000000 00:21 16674726                   /home/thecoder/programs/android-studio/jbr/bin/java
56144dcfd000-56144dcfe000 rw-p 00001000 00:21 16674726                   /home/thecoder/programs/android-studio/jbr/bin/java
56148879b000-5614887e3000 rw-p 00000000 00:00 0                          [heap]
7f6446000000-7f6446100000 rw-p 00000000 00:00 0 
7f6446100000-7f6446200000 rw-p 00000000 00:00 0 
7f6446200000-7f64469c0000 rw-p 00000000 00:00 0 
7f64469c0000-7f6446a00000 rw-p 00000000 00:00 0 
7f6446a00000-7f6446f00000 rw-p 00000000 00:00 0 
7f6446f00000-7f6446f60000 rw-p 00000000 00:00 0 
7f6446f60000-7f6447000000 ---p 00000000 00:00 0 
7f6447000000-7f6448090000 rw-p 00000000 00:00 0 
7f6448090000-7f644a000000 ---p 00000000 00:00 0 
7f644af00000-7f644af04000 ---p 00000000 00:00 0 
7f644af04000-7f644b000000 rw-p 00000000 00:00 0 
7f644b200000-7f644b204000 ---p 00000000 00:00 0 
7f644b204000-7f644b300000 rw-p 00000000 00:00 0 
7f644b700000-7f644b704000 ---p 00000000 00:00 0 
7f644b704000-7f644b800000 rw-p 00000000 00:00 0 
7f644ba00000-7f644ba04000 ---p 00000000 00:00 0 
7f644ba04000-7f644bb00000 rw-p 00000000 00:00 0 
7f644bb00000-7f644bb04000 ---p 00000000 00:00 0 
7f644bb04000-7f644bc00000 rw-p 00000000 00:00 0 
7f644bc00000-7f644bc04000 ---p 00000000 00:00 0 
7f644bc04000-7f644bd00000 rw-p 00000000 00:00 0 
7f644be00000-7f644be04000 ---p 00000000 00:00 0 
7f644be04000-7f644bf00000 rw-p 00000000 00:00 0 
7f644bf00000-7f644bf04000 ---p 00000000 00:00 0 
7f644bf04000-7f644c000000 rw-p 00000000 00:00 0 
7f644c000000-7f644c154000 rw-p 00000000 00:00 0 
7f644c154000-7f6450000000 ---p 00000000 00:00 0 
7f6450000000-7f6450024000 rw-p 00000000 00:00 0 
7f6450024000-7f6454000000 ---p 00000000 00:00 0 
7f6454000000-7f6454021000 rw-p 00000000 00:00 0 
7f6454021000-7f6458000000 ---p 00000000 00:00 0 
7f6458000000-7f6458021000 rw-p 00000000 00:00 0 
7f6458021000-7f645c000000 ---p 00000000 00:00 0 
7f645c000000-7f645c042000 rw-p 00000000 00:00 0 
7f645c042000-7f6460000000 ---p 00000000 00:00 0 
7f6460000000-7f6460084000 rw-p 00000000 00:00 0 
7f6460084000-7f6464000000 ---p 00000000 00:00 0 
7f6464000000-7f6464044000 rw-p 00000000 00:00 0 
7f6464044000-7f6468000000 ---p 00000000 00:00 0 
7f6468000000-7f646811c000 rw-p 00000000 00:00 0 
7f646811c000-7f646c000000 ---p 00000000 00:00 0 
7f646c000000-7f646c021000 rw-p 00000000 00:00 0 
7f646c021000-7f6470000000 ---p 00000000 00:00 0 
7f6470000000-7f6470021000 rw-p 00000000 00:00 0 
7f6470021000-7f6474000000 ---p 00000000 00:00 0 
7f6474000000-7f647406a000 rw-p 00000000 00:00 0 
7f647406a000-7f6478000000 ---p 00000000 00:00 0 
7f6478000000-7f6478021000 rw-p 00000000 00:00 0 
7f6478021000-7f647c000000 ---p 00000000 00:00 0 
7f647c000000-7f647c03f000 rw-p 00000000 00:00 0 
7f647c03f000-7f6480000000 ---p 00000000 00:00 0 
7f6480000000-7f64806cd000 rw-p 00000000 00:00 0 
7f64806cd000-7f6484000000 ---p 00000000 00:00 0 
7f6484000000-7f6484021000 rw-p 00000000 00:00 0 
7f6484021000-7f6488000000 ---p 00000000 00:00 0 
7f6488000000-7f6488066000 rw-p 00000000 00:00 0 
7f6488066000-7f648c000000 ---p 00000000 00:00 0 
7f648c000000-7f648c100000 rw-p 00000000 00:00 0 
7f648c100000-7f648c140000 rw-p 00000000 00:00 0 
7f648c140000-7f648c180000 rw-p 00000000 00:00 0 
7f648c180000-7f648c280000 rw-p 00000000 00:00 0 
7f648c280000-7f648c300000 rw-p 00000000 00:00 0 
7f648c300000-7f648c500000 rw-p 00000000 00:00 0 
7f648c500000-7f648c600000 rw-p 00000000 00:00 0 
7f648c600000-7f648eb00000 rw-p 00000000 00:00 0 
7f648eb00000-7f648ec00000 rw-p 00000000 00:00 0 
7f648ec00000-7f648f700000 rw-p 00000000 00:00 0 
7f648f700000-7f648f800000 rw-p 00000000 00:00 0 
7f648f800000-7f6490000000 rw-p 00000000 00:00 0 
7f6490000000-7f6490004000 ---p 00000000 00:00 0 
7f6490004000-7f6490100000 rw-p 00000000 00:00 0 
7f6490100000-7f6490104000 ---p 00000000 00:00 0 
7f6490104000-7f6490200000 rw-p 00000000 00:00 0 
7f6490300000-7f6490304000 ---p 00000000 00:00 0 
7f6490304000-7f6490400000 rw-p 00000000 00:00 0 
7f6490600000-7f6490604000 ---p 00000000 00:00 0 
7f6490604000-7f6490700000 rw-p 00000000 00:00 0 
7f6490700000-7f6490704000 ---p 00000000 00:00 0 
7f6490704000-7f6490800000 rw-p 00000000 00:00 0 
7f6490800000-7f6490804000 ---p 00000000 00:00 0 
7f6490804000-7f6490900000 rw-p 00000000 00:00 0 
7f6490900000-7f6490904000 ---p 00000000 00:00 0 
7f6490904000-7f6490a00000 rw-p 00000000 00:00 0 
7f6490a00000-7f6493ef3000 r--s 00000000 00:21 16674812                   /home/thecoder/programs/android-studio/jbr/lib/modules
7f6494000000-7f6494021000 rw-p 00000000 00:00 0 
7f6494021000-7f6498000000 ---p 00000000 00:00 0 
7f6498000000-7f6498021000 rw-p 00000000 00:00 0 
7f6498021000-7f649c000000 ---p 00000000 00:00 0 
7f649c000000-7f649c517000 rw-p 00000000 00:00 0 
7f649c517000-7f64a0000000 ---p 00000000 00:00 0 
7f64a0000000-7f64a004e000 rw-p 00000000 00:00 0 
7f64a004e000-7f64a4000000 ---p 00000000 00:00 0 
7f64a4000000-7f64a402c000 rw-p 00000000 00:00 0 
7f64a402c000-7f64a8000000 ---p 00000000 00:00 0 
7f64a8000000-7f64a8021000 rw-p 00000000 00:00 0 
7f64a8021000-7f64ac000000 ---p 00000000 00:00 0 
7f64ac000000-7f64afcc0000 rw-p 00000000 00:00 0 
7f64afcc0000-7f64afd00000 rw-p 00000000 00:00 0 
7f64afd00000-7f64aff00000 rw-p 00000000 00:00 0 
7f64aff00000-7f64b0000000 rw-p 00000000 00:00 0 
7f64b0000000-7f64b0071000 rw-p 00000000 00:00 0 
7f64b0071000-7f64b4000000 ---p 00000000 00:00 0 
7f64b4000000-7f64b417c000 rw-p 00000000 00:00 0 
7f64b417c000-7f64b8000000 ---p 00000000 00:00 0 
7f64b8000000-7f64ba050000 rw-p 00000000 00:00 0 
7f64ba050000-7f64bc000000 ---p 00000000 00:00 0 
7f64bc000000-7f64bc2b0000 rw-p 00000000 00:00 0 
7f64bc2b0000-7f64c0000000 ---p 00000000 00:00 0 
7f64c0000000-7f64c006d000 rw-p 00000000 00:00 0 
7f64c006d000-7f64c4000000 ---p 00000000 00:00 0 
7f64c4000000-7f64c409c000 rw-p 00000000 00:00 0 
7f64c409c000-7f64c8000000 ---p 00000000 00:00 0 
7f64c8000000-7f64c80e3000 rw-p 00000000 00:00 0 
7f64c80e3000-7f64cc000000 ---p 00000000 00:00 0 
7f64cc000000-7f64cc09c000 rw-p 00000000 00:00 0 
7f64cc09c000-7f64d0000000 ---p 00000000 00:00 0 
7f64d0000000-7f64d0077000 rw-p 00000000 00:00 0 
7f64d0077000-7f64d4000000 ---p 00000000 00:00 0 
7f64d4000000-7f64d4080000 rw-p 00000000 00:00 0 
7f64d4080000-7f64d8000000 ---p 00000000 00:00 0 
7f64d8000000-7f64d8211000 rw-p 00000000 00:00 0 
7f64d8211000-7f64dc000000 ---p 00000000 00:00 0 
7f64dc000000-7f64dc05e000 rw-p 00000000 00:00 0 
7f64dc05e000-7f64e0000000 ---p 00000000 00:00 0 
7f64e0000000-7f64e2629000 rw-p 00000000 00:00 0 
7f64e2629000-7f64e4000000 ---p 00000000 00:00 0 
7f64e4000000-7f64e4071000 rw-p 00000000 00:00 0 
7f64e4071000-7f64e8000000 ---p 00000000 00:00 0 
7f64e8000000-7f64e8021000 rw-p 00000000 00:00 0 
7f64e8021000-7f64ec000000 ---p 00000000 00:00 0 
7f64ec000000-7f64ec021000 rw-p 00000000 00:00 0 
7f64ec021000-7f64f0004000 ---p 00000000 00:00 0 
7f64f0004000-7f64f0100000 rw-p 00000000 00:00 0 
7f64f0400000-7f64f0404000 ---p 00000000 00:00 0 
7f64f0404000-7f64f0500000 rw-p 00000000 00:00 0 
7f64f0500000-7f64f0504000 ---p 00000000 00:00 0 
7f64f0504000-7f64f0600000 rw-p 00000000 00:00 0 
7f64f0600000-7f64f0604000 ---p 00000000 00:00 0 
7f64f0604000-7f64f0700000 rw-p 00000000 00:00 0 
7f64f0700000-7f64f0704000 ---p 00000000 00:00 0 
7f64f0704000-7f64f0800000 rw-p 00000000 00:00 0 
7f64f0800000-7f64f0804000 ---p 00000000 00:00 0 
7f64f0804000-7f64f0900000 rw-p 00000000 00:00 0 
7f64f0900000-7f64f0904000 ---p 00000000 00:00 0 
7f64f0904000-7f64f0a00000 rw-p 00000000 00:00 0 
7f64f0a00000-7f64f0a04000 ---p 00000000 00:00 0 
7f64f0a04000-7f64f0b00000 rw-p 00000000 00:00 0 
7f64f0d00000-7f64f0d04000 ---p 00000000 00:00 0 
7f64f0d04000-7f64f0e00000 rw-p 00000000 00:00 0 
7f64f0e00000-7f64f0e04000 ---p 00000000 00:00 0 
7f64f0e04000-7f64f0f00000 rw-p 00000000 00:00 0 
7f64f1100000-7f64f1104000 ---p 00000000 00:00 0 
7f64f1104000-7f64f1200000 rw-p 00000000 00:00 0 
7f64f1300000-7f64f1304000 ---p 00000000 00:00 0 
7f64f1304000-7f64f1400000 rw-p 00000000 00:00 0 
7f64f1400000-7f64f1404000 ---p 00000000 00:00 0 
7f64f1404000-7f64f1500000 rw-p 00000000 00:00 0 
7f64f1600000-7f64f1604000 ---p 00000000 00:00 0 
7f64f1604000-7f64f1700000 rw-p 00000000 00:00 0 
7f64f1700000-7f64f1704000 ---p 00000000 00:00 0 
7f64f1704000-7f64f1800000 rw-p 00000000 00:00 0 
7f64f1b00000-7f64f1b04000 ---p 00000000 00:00 0 
7f64f1b04000-7f64f1c00000 rw-p 00000000 00:00 0 
7f64f1f00000-7f64f1f04000 ---p 00000000 00:00 0 
7f64f1f04000-7f64f2000000 rw-p 00000000 00:00 0 
7f64f2000000-7f64f2004000 ---p 00000000 00:00 0 
7f64f2004000-7f64f2100000 rw-p 00000000 00:00 0 
7f64f2100000-7f64f2104000 ---p 00000000 00:00 0 
7f64f2104000-7f64f2200000 rw-p 00000000 00:00 0 
7f64f2200000-7f64f2204000 ---p 00000000 00:00 0 
7f64f2204000-7f64f2300000 rw-p 00000000 00:00 0 
7f64f2300000-7f64f2304000 ---p 00000000 00:00 0 
7f64f2304000-7f64f2400000 rw-p 00000000 00:00 0 
7f64f2400000-7f64f2404000 ---p 00000000 00:00 0 
7f64f2404000-7f64f2500000 rw-p 00000000 00:00 0 
7f64f2500000-7f64f2504000 ---p 00000000 00:00 0 
7f64f2504000-7f64f2600000 rw-p 00000000 00:00 0 
7f64f2600000-7f64f2604000 ---p 00000000 00:00 0 
7f64f2604000-7f64f2700000 rw-p 00000000 00:00 0 
7f64f2700000-7f64f2704000 ---p 00000000 00:00 0 
7f64f2704000-7f64f2800000 rw-p 00000000 00:00 0 
7f64f2800000-7f64f2804000 ---p 00000000 00:00 0 
7f64f2804000-7f64f2900000 rw-p 00000000 00:00 0 
7f64f2900000-7f64f2904000 ---p 00000000 00:00 0 
7f64f2904000-7f64f2a00000 rw-p 00000000 00:00 0 
7f64f2a00000-7f64f2a04000 ---p 00000000 00:00 0 
7f64f2a04000-7f64f2b00000 rw-p 00000000 00:00 0 
7f64f2b00000-7f64f2b04000 ---p 00000000 00:00 0 
7f64f2b04000-7f64f2c00000 rw-p 00000000 00:00 0 
7f64f2c00000-7f64f2c04000 ---p 00000000 00:00 0 
7f64f2c04000-7f64f2d00000 rw-p 00000000 00:00 0 
7f64f2d00000-7f64f2d04000 ---p 00000000 00:00 0 
7f64f2d04000-7f64f2e00000 rw-p 00000000 00:00 0 
7f64f2e00000-7f64f2e04000 ---p 00000000 00:00 0 
7f64f2e04000-7f64f2f00000 rw-p 00000000 00:00 0 
7f64f2f00000-7f64f2f04000 ---p 00000000 00:00 0 
7f64f2f04000-7f64f3000000 rw-p 00000000 00:00 0 
7f64f3000000-7f64f3004000 ---p 00000000 00:00 0 
7f64f3004000-7f64f3100000 rw-p 00000000 00:00 0 
7f64f3100000-7f64f3104000 ---p 00000000 00:00 0 
7f64f3104000-7f64f3200000 rw-p 00000000 00:00 0 
7f64f3200000-7f64f3204000 ---p 00000000 00:00 0 
7f64f3204000-7f64f3300000 rw-p 00000000 00:00 0 
7f64f3300000-7f64f3304000 ---p 00000000 00:00 0 
7f64f3304000-7f64f3400000 rw-p 00000000 00:00 0 
7f64f3400000-7f64f3404000 ---p 00000000 00:00 0 
7f64f3404000-7f64f3500000 rw-p 00000000 00:00 0 
7f64f3500000-7f64f3504000 ---p 00000000 00:00 0 
7f64f3504000-7f64f3600000 rw-p 00000000 00:00 0 
7f64f3600000-7f64f3604000 ---p 00000000 00:00 0 
7f64f3604000-7f64f3700000 rw-p 00000000 00:00 0 
7f64f3700000-7f64f3704000 ---p 00000000 00:00 0 
7f64f3704000-7f64f3800000 rw-p 00000000 00:00 0 
7f64f3800000-7f64f3804000 ---p 00000000 00:00 0 
7f64f3804000-7f64f3900000 rw-p 00000000 00:00 0 
7f64f3900000-7f64f3904000 ---p 00000000 00:00 0 
7f64f3904000-7f64f3a00000 rw-p 00000000 00:00 0 
7f64f3a00000-7f64f3a04000 ---p 00000000 00:00 0 
7f64f3a04000-7f64f3b00000 rw-p 00000000 00:00 0 
7f64f3b00000-7f64f3b04000 ---p 00000000 00:00 0 
7f64f3b04000-7f64f3c00000 rw-p 00000000 00:00 0 
7f64f3c00000-7f64f3c04000 ---p 00000000 00:00 0 
7f64f3c04000-7f64f3d00000 rw-p 00000000 00:00 0 
7f64f3d00000-7f64f3d04000 ---p 00000000 00:00 0 
7f64f3d04000-7f64f3e00000 rw-p 00000000 00:00 0 
7f64f3e00000-7f64f3e04000 ---p 00000000 00:00 0 
7f64f3e04000-7f64f3f00000 rw-p 00000000 00:00 0 
7f64f3f00000-7f64f3f04000 ---p 00000000 00:00 0 
7f64f3f04000-7f64f4000000 rw-p 00000000 00:00 0 
7f64f4000000-7f64f4021000 rw-p 00000000 00:00 0 
7f64f4021000-7f64f8000000 ---p 00000000 00:00 0 
7f64f8000000-7f64f8021000 rw-p 00000000 00:00 0 
7f64f8021000-7f64fc000000 ---p 00000000 00:00 0 
7f64fc000000-7f64fc021000 rw-p 00000000 00:00 0 
7f64fc021000-7f6500000000 ---p 00000000 00:00 0 
7f6500000000-7f6500021000 rw-p 00000000 00:00 0 
7f6500021000-7f6504000000 ---p 00000000 00:00 0 
7f6504000000-7f6504021000 rw-p 00000000 00:00 0 
7f6504021000-7f6508000000 ---p 00000000 00:00 0 
7f6508000000-7f6508021000 rw-p 00000000 00:00 0 
7f6508021000-7f650c000000 ---p 00000000 00:00 0 
7f650c000000-7f650c021000 rw-p 00000000 00:00 0 
7f650c021000-7f6510000000 ---p 00000000 00:00 0 
7f6510000000-7f6510021000 rw-p 00000000 00:00 0 
7f6510021000-7f6514000000 ---p 00000000 00:00 0 
7f6514000000-7f6514021000 rw-p 00000000 00:00 0 
7f6514021000-7f6518000000 ---p 00000000 00:00 0 
7f6518000000-7f6518021000 rw-p 00000000 00:00 0 
7f6518021000-7f651c000000 ---p 00000000 00:00 0 
7f651c000000-7f651c021000 rw-p 00000000 00:00 0 
7f651c021000-7f6520000000 ---p 00000000 00:00 0 
7f6520000000-7f6520021000 rw-p 00000000 00:00 0 
7f6520021000-7f6524000000 ---p 00000000 00:00 0 
7f6524000000-7f6524021000 rw-p 00000000 00:00 0 
7f6524021000-7f6528000000 ---p 00000000 00:00 0 
7f6528000000-7f6528021000 rw-p 00000000 00:00 0 
7f6528021000-7f652c000000 ---p 00000000 00:00 0 
7f652c000000-7f652c021000 rw-p 00000000 00:00 0 
7f652c021000-7f6530000000 ---p 00000000 00:00 0 
7f6530000000-7f6530134000 rw-p 00000000 00:00 0 
7f6530134000-7f6534000000 ---p 00000000 00:00 0 
7f6534000000-7f6534021000 rw-p 00000000 00:00 0 
7f6534021000-7f6538000000 ---p 00000000 00:00 0 
7f6538000000-7f6538021000 rw-p 00000000 00:00 0 
7f6538021000-7f653c000000 ---p 00000000 00:00 0 
7f653c000000-7f653c144000 rw-p 00000000 00:00 0 
7f653c144000-7f6540000000 ---p 00000000 00:00 0 
7f6540000000-7f6540021000 rw-p 00000000 00:00 0 
7f6540021000-7f6544000000 ---p 00000000 00:00 0 
7f6544000000-7f654403f000 rw-p 00000000 00:00 0 
7f654403f000-7f6548000000 ---p 00000000 00:00 0 
7f6548000000-7f6548053000 rw-p 00000000 00:00 0 
7f6548053000-7f654c000000 ---p 00000000 00:00 0 
7f654c000000-7f654c046000 rw-p 00000000 00:00 0 
7f654c046000-7f6550000000 ---p 00000000 00:00 0 
7f6550000000-7f655004d000 rw-p 00000000 00:00 0 
7f655004d000-7f6554000000 ---p 00000000 00:00 0 
7f6554000000-7f6554045000 rw-p 00000000 00:00 0 
7f6554045000-7f6558000000 ---p 00000000 00:00 0 
7f6558000000-7f655804b000 rw-p 00000000 00:00 0 
7f655804b000-7f655c000000 ---p 00000000 00:00 0 
7f655c000000-7f655c021000 rw-p 00000000 00:00 0 
7f655c021000-7f6560000000 ---p 00000000 00:00 0 
7f6560000000-7f6560123000 rw-p 00000000 00:00 0 
7f6560123000-7f6564000000 ---p 00000000 00:00 0 
7f6564000000-7f6567d68000 rw-p 00000000 00:00 0 
7f6567d68000-7f6568000000 ---p 00000000 00:00 0 
7f6568000000-7f6568021000 rw-p 00000000 00:00 0 
7f6568021000-7f656c000000 ---p 00000000 00:00 0 
7f656c000000-7f656c048000 rw-p 00000000 00:00 0 
7f656c048000-7f6570000000 ---p 00000000 00:00 0 
7f6570000000-7f657008b000 rw-p 00000000 00:00 0 
7f657008b000-7f6574000000 ---p 00000000 00:00 0 
7f6574000000-7f6574022000 rw-p 00000000 00:00 0 
7f6574022000-7f6578000000 ---p 00000000 00:00 0 
7f6578000000-7f6578032000 rw-p 00000000 00:00 0 
7f6578032000-7f657c000000 ---p 00000000 00:00 0 
7f657c000000-7f657c021000 rw-p 00000000 00:00 0 
7f657c021000-7f6580000000 ---p 00000000 00:00 0 
7f6580000000-7f6580063000 rw-p 00000000 00:00 0 
7f6580063000-7f6584000000 ---p 00000000 00:00 0 
7f6584000000-7f658408c000 rw-p 00000000 00:00 0 
7f658408c000-7f6588000000 ---p 00000000 00:00 0 
7f6588000000-7f6588040000 rw-p 00000000 00:00 0 
7f6588040000-7f658c000000 ---p 00000000 00:00 0 
7f658c000000-7f658c054000 rw-p 00000000 00:00 0 
7f658c054000-7f6590000000 ---p 00000000 00:00 0 
7f6590000000-7f6590065000 rw-p 00000000 00:00 0 
7f6590065000-7f6594000000 ---p 00000000 00:00 0 
7f6594000000-7f6596a78000 rw-p 00000000 00:00 0 
7f6596a78000-7f6598000000 ---p 00000000 00:00 0 
7f6598000000-7f6598021000 rw-p 00000000 00:00 0 
7f6598021000-7f659c000000 ---p 00000000 00:00 0 
7f659c000000-7f659c021000 rw-p 00000000 00:00 0 
7f659c021000-7f65a0000000 ---p 00000000 00:00 0 
7f65a0000000-7f65a32fd000 rw-p 00000000 00:00 0 
7f65a32fd000-7f65a4000000 ---p 00000000 00:00 0 
7f65a4000000-7f65a4021000 rw-p 00000000 00:00 0 
7f65a4021000-7f65a8000000 ---p 00000000 00:00 0 
7f65a8000000-7f65a819d000 rw-p 00000000 00:00 0 
7f65a819d000-7f65ac000000 ---p 00000000 00:00 0 
7f65ac000000-7f65ac021000 rw-p 00000000 00:00 0 
7f65ac021000-7f65b0000000 ---p 00000000 00:00 0 
7f65b0000000-7f65b0021000 rw-p 00000000 00:00 0 
7f65b0021000-7f65b4000000 ---p 00000000 00:00 0 
7f65b4000000-7f65b4021000 rw-p 00000000 00:00 0 
7f65b4021000-7f65b8000000 ---p 00000000 00:00 0 
7f65b80f9000-7f65b80fd000 ---p 00000000 00:00 0 
7f65b80fd000-7f65b81f9000 rw-p 00000000 00:00 0 
7f65b81f9000-7f65b81fd000 ---p 00000000 00:00 0 
7f65b81fd000-7f65b82f9000 rw-p 00000000 00:00 0 
7f65b82f9000-7f65b82fd000 ---p 00000000 00:00 0 
7f65b82fd000-7f65b83f9000 rw-p 00000000 00:00 0 
7f65b83f9000-7f65b83fd000 ---p 00000000 00:00 0 
7f65b83fd000-7f65b84f9000 rw-p 00000000 00:00 0 
7f65b84f9000-7f65b84fd000 ---p 00000000 00:00 0 
7f65b84fd000-7f65b85f9000 rw-p 00000000 00:00 0 
7f65b85f9000-7f65b85fd000 ---p 00000000 00:00 0 
7f65b85fd000-7f65b86f9000 rw-p 00000000 00:00 0 
7f65b86f9000-7f65b86fd000 ---p 00000000 00:00 0 
7f65b86fd000-7f65b87f9000 rw-p 00000000 00:00 0 
7f65b87f9000-7f65b87fd000 ---p 00000000 00:00 0 
7f65b87fd000-7f65b88f9000 rw-p 00000000 00:00 0 
7f65b88f9000-7f65b88fd000 ---p 00000000 00:00 0 
7f65b88fd000-7f65b89f9000 rw-p 00000000 00:00 0 
7f65b89f9000-7f65b89fd000 ---p 00000000 00:00 0 
7f65b89fd000-7f65b8af9000 rw-p 00000000 00:00 0 
7f65b8af9000-7f65b8afd000 ---p 00000000 00:00 0 
7f65b8afd000-7f65b8bf9000 rw-p 00000000 00:00 0 
7f65b8bf9000-7f65b8bfd000 ---p 00000000 00:00 0 
7f65b8bfd000-7f65b8cf9000 rw-p 00000000 00:00 0 
7f65b8cf9000-7f65b8cfd000 ---p 00000000 00:00 0 
7f65b8cfd000-7f65b8df9000 rw-p 00000000 00:00 0 
7f65b8df9000-7f65b8dfd000 ---p 00000000 00:00 0 
7f65b8dfd000-7f65b8ef9000 rw-p 00000000 00:00 0 
7f65b8ef9000-7f65b8efd000 ---p 00000000 00:00 0 
7f65b8efd000-7f65b8ff9000 rw-p 00000000 00:00 0 
7f65b8ff9000-7f65b8ffd000 ---p 00000000 00:00 0 
7f65b8ffd000-7f65b90f9000 rw-p 00000000 00:00 0 
7f65b90f9000-7f65b90fd000 ---p 00000000 00:00 0 
7f65b90fd000-7f65b91f9000 rw-p 00000000 00:00 0 
7f65b91f9000-7f65b91fd000 ---p 00000000 00:00 0 
7f65b91fd000-7f65b92f9000 rw-p 00000000 00:00 0 
7f65b92f9000-7f65b92fd000 ---p 00000000 00:00 0 
7f65b92fd000-7f65b93f9000 rw-p 00000000 00:00 0 
7f65b93f9000-7f65b93fd000 ---p 00000000 00:00 0 
7f65b93fd000-7f65b94f9000 rw-p 00000000 00:00 0 
7f65b94f9000-7f65b94fd000 ---p 00000000 00:00 0 
7f65b94fd000-7f65b95f9000 rw-p 00000000 00:00 0 
7f65b95f9000-7f65b95fa000 ---p 00000000 00:00 0 
7f65b95fa000-7f65b96fa000 rw-p 00000000 00:00 0 
7f65b96fa000-7f65b96fb000 ---p 00000000 00:00 0 
7f65b96fb000-7f65b97fb000 rw-p 00000000 00:00 0 
7f65b97fb000-7f65b97fc000 ---p 00000000 00:00 0 
7f65b97fc000-7f65b98fc000 rw-p 00000000 00:00 0 
7f65b98fc000-7f65b98fd000 ---p 00000000 00:00 0 
7f65b98fd000-7f65b99fd000 rw-p 00000000 00:00 0 
7f65b99fd000-7f65b99fe000 ---p 00000000 00:00 0 
7f65b99fe000-7f65b9afe000 rw-p 00000000 00:00 0 
7f65b9afe000-7f65b9aff000 ---p 00000000 00:00 0 
7f65b9aff000-7f65b9bff000 rw-p 00000000 00:00 0 
7f65b9bff000-7f65b9c00000 ---p 00000000 00:00 0 
7f65b9c00000-7f65b9d00000 rw-p 00000000 00:00 0 
7f65b9d00000-7f65b9d04000 ---p 00000000 00:00 0 
7f65b9d04000-7f65b9e00000 rw-p 00000000 00:00 0 
7f65b9e00000-7f65b9e04000 ---p 00000000 00:00 0 
7f65b9e04000-7f65b9f00000 rw-p 00000000 00:00 0 
7f65b9f00000-7f65b9f04000 ---p 00000000 00:00 0 
7f65b9f04000-7f65ba000000 rw-p 00000000 00:00 0 
7f65ba000000-7f65c7e70000 r--p 00000000 00:21 7771242                    /usr/lib/locale/locale-archive
7f65c7f00000-7f65c7f04000 ---p 00000000 00:00 0 
7f65c7f04000-7f65c8000000 rw-p 00000000 00:00 0 
7f65c8000000-7f65c8500000 rw-p 00000000 00:00 0 
7f65c8500000-7f65c8520000 rw-p 00000000 00:00 0 
7f65c8520000-7f65c8540000 rw-p 00000000 00:00 0 
7f65c8540000-7f65c8580000 rw-p 00000000 00:00 0 
7f65c8580000-7f65c8700000 rw-p 00000000 00:00 0 
7f65c8700000-7f65c8760000 rw-p 00000000 00:00 0 
7f65c8760000-7f65c8780000 rw-p 00000000 00:00 0 
7f65c8780000-7f65c8900000 rw-p 00000000 00:00 0 
7f65c8900000-7f65c8b00000 rw-p 00000000 00:00 0 
7f65c8b00000-7f65c8c00000 rw-p 00000000 00:00 0 
7f65c8c00000-7f65c8d00000 rw-p 00000000 00:00 0 
7f65c8d00000-7f65c8e00000 rw-p 00000000 00:00 0 
7f65c8e00000-7f65c8e80000 rw-p 00000000 00:00 0 
7f65c8e80000-7f65c8f00000 rw-p 00000000 00:00 0 
7f65c8f00000-7f65c9100000 rw-p 00000000 00:00 0 
7f65c9100000-7f65c9200000 rw-p 00000000 00:00 0 
7f65c9200000-7f65c9300000 rw-p 00000000 00:00 0 
7f65c9300000-7f65c9400000 rw-p 00000000 00:00 0 
7f65c9400000-7f65c9e00000 rw-p 00000000 00:00 0 
7f65c9e00000-7f65ca1c0000 rw-p 00000000 00:00 0 
7f65ca1c0000-7f65ca200000 rw-p 00000000 00:00 0 
7f65ca200000-7f65ca700000 rw-p 00000000 00:00 0 
7f65ca700000-7f65ca800000 rw-p 00000000 00:00 0 
7f65ca800000-7f65caf00000 rw-p 00000000 00:00 0 
7f65caf00000-7f65cb000000 rw-p 00000000 00:00 0 
7f65cb000000-7f65cbf00000 rw-p 00000000 00:00 0 
7f65cbf00000-7f65cc000000 rw-p 00000000 00:00 0 
7f65cc000000-7f65cc021000 rw-p 00000000 00:00 0 
7f65cc021000-7f65d0000000 ---p 00000000 00:00 0 
7f65d0000000-7f65d00eb000 rw-p 00000000 00:00 0 
7f65d00eb000-7f65d4000000 ---p 00000000 00:00 0 
7f65d4000000-7f65d4021000 rw-p 00000000 00:00 0 
7f65d4021000-7f65d8000000 ---p 00000000 00:00 0 
7f65d8000000-7f65d8021000 rw-p 00000000 00:00 0 
7f65d8021000-7f65dc000000 ---p 00000000 00:00 0 
7f65dc000000-7f65dc021000 rw-p 00000000 00:00 0 
7f65dc021000-7f65e0000000 ---p 00000000 00:00 0 
7f65e0000000-7f65e003f000 rw-p 00000000 00:00 0 
7f65e003f000-7f65e4000000 ---p 00000000 00:00 0 
7f65e4000000-7f65e404b000 rw-p 00000000 00:00 0 
7f65e404b000-7f65e8000000 ---p 00000000 00:00 0 
7f65e807b000-7f65e807f000 ---p 00000000 00:00 0 
7f65e807f000-7f65e809d000 rw-p 00000000 00:00 0 
7f65e809d000-7f65e80c1000 r-xp 00000000 00:21 6297238                    /usr/lib64/libnss_resolve.so.2
7f65e80c1000-7f65e80cd000 r--p 00024000 00:21 6297238                    /usr/lib64/libnss_resolve.so.2
7f65e80cd000-7f65e80cf000 r--p 0002f000 00:21 6297238                    /usr/lib64/libnss_resolve.so.2
7f65e80cf000-7f65e80d0000 rw-p 00031000 00:21 6297238                    /usr/lib64/libnss_resolve.so.2
7f65e80d0000-7f65e80f3000 r-xp 00000000 00:21 4298840                    /usr/lib64/libgcc_s-15-20260123.so.1
7f65e80f3000-7f65e80fa000 r--p 00023000 00:21 4298840                    /usr/lib64/libgcc_s-15-20260123.so.1
7f65e80fa000-7f65e80fb000 r--p 0002a000 00:21 4298840                    /usr/lib64/libgcc_s-15-20260123.so.1
7f65e80fb000-7f65e80fc000 rw-p 00000000 00:00 0 
7f65e80fc000-7f65e8100000 ---p 00000000 00:00 0 
7f65e8100000-7f65e81fc000 rw-p 00000000 00:00 0 
7f65e81fc000-7f65e8200000 ---p 00000000 00:00 0 
7f65e8200000-7f65e82fc000 rw-p 00000000 00:00 0 
7f65e82fc000-7f65e8300000 ---p 00000000 00:00 0 
7f65e8300000-7f65e83fc000 rw-p 00000000 00:00 0 
7f65e83fc000-7f65e8400000 ---p 00000000 00:00 0 
7f65e8400000-7f65e84fc000 rw-p 00000000 00:00 0 
7f65e84fc000-7f65e8500000 ---p 00000000 00:00 0 
7f65e8500000-7f65e85fc000 rw-p 00000000 00:00 0 
7f65e85fc000-7f65e85fd000 ---p 00000000 00:00 0 
7f65e85fd000-7f65e86fd000 rw-p 00000000 00:00 0 
7f65e86fd000-7f65e86fe000 ---p 00000000 00:00 0 
7f65e86fe000-7f65e87fe000 rw-p 00000000 00:00 0 
7f65e87fe000-7f65e87ff000 ---p 00000000 00:00 0 
7f65e87ff000-7f65e88ff000 rw-p 00000000 00:00 0 
7f65e88ff000-7f65e8900000 ---p 00000000 00:00 0 
7f65e8900000-7f65e8a00000 rw-p 00000000 00:00 0 
7f65e8a00000-7f65e8a05000 r-xp 00000000 00:21 16711798                   /home/thecoder/.gradle/native/660c5614fbf4a5f2a75b1949f50a0caf5cd603558e7d8a26e50b933a0cfb79d1/linux-amd64/libnative-platform.so
7f65e8a05000-7f65e8c05000 ---p 00005000 00:21 16711798                   /home/thecoder/.gradle/native/660c5614fbf4a5f2a75b1949f50a0caf5cd603558e7d8a26e50b933a0cfb79d1/linux-amd64/libnative-platform.so
7f65e8c05000-7f65e8c06000 r--p 00005000 00:21 16711798                   /home/thecoder/.gradle/native/660c5614fbf4a5f2a75b1949f50a0caf5cd603558e7d8a26e50b933a0cfb79d1/linux-amd64/libnative-platform.so
7f65e8c06000-7f65e8c07000 rw-p 00006000 00:21 16711798                   /home/thecoder/.gradle/native/660c5614fbf4a5f2a75b1949f50a0caf5cd603558e7d8a26e50b933a0cfb79d1/linux-amd64/libnative-platform.so
7f65e8c0a000-7f65e8c20000 r-xp 00000000 00:21 6297237                    /usr/lib64/libnss_myhostname.so.2
7f65e8c20000-7f65e8c2f000 r--p 00016000 00:21 6297237                    /usr/lib64/libnss_myhostname.so.2
7f65e8c2f000-7f65e8c34000 r--p 00024000 00:21 6297237                    /usr/lib64/libnss_myhostname.so.2
7f65e8c34000-7f65e8c35000 rw-p 00029000 00:21 6297237                    /usr/lib64/libnss_myhostname.so.2
7f65e8c53000-7f65e8c8f000 r--p 00000000 00:21 16711833                   /home/thecoder/.gradle/native/0.2.8/x86_64-linux-gnu/libgradle-fileevents.so
7f65e8c8f000-7f65e8cd7000 r-xp 0003b000 00:21 16711833                   /home/thecoder/.gradle/native/0.2.8/x86_64-linux-gnu/libgradle-fileevents.so
7f65e8cd7000-7f65e8ce0000 r--p 00082000 00:21 16711833                   /home/thecoder/.gradle/native/0.2.8/x86_64-linux-gnu/libgradle-fileevents.so
7f65e8ce0000-7f65e8ce1000 rw-p 0008a000 00:21 16711833                   /home/thecoder/.gradle/native/0.2.8/x86_64-linux-gnu/libgradle-fileevents.so
7f65e8ce1000-7f65e8ce3000 rw-p 00000000 00:00 0 
7f65e8ce3000-7f65e8ce7000 ---p 00000000 00:00 0 
7f65e8ce7000-7f65e8de3000 rw-p 00000000 00:00 0 
7f65e8de3000-7f65e8de7000 ---p 00000000 00:00 0 
7f65e8de7000-7f65e8ee3000 rw-p 00000000 00:00 0 
7f65e8ee3000-7f65e8ee7000 ---p 00000000 00:00 0 
7f65e8ee7000-7f65e8fe3000 rw-p 00000000 00:00 0 
7f65e8fe3000-7f65e8fe7000 ---p 00000000 00:00 0 
7f65e8fe7000-7f65e90e3000 rw-p 00000000 00:00 0 
7f65e90e3000-7f65e90e7000 ---p 00000000 00:00 0 
7f65e90e7000-7f65e91e3000 rw-p 00000000 00:00 0 
7f65e91e3000-7f65e91e7000 ---p 00000000 00:00 0 
7f65e91e7000-7f65e92e3000 rw-p 00000000 00:00 0 
7f65e92e3000-7f65e92e7000 ---p 00000000 00:00 0 
7f65e92e7000-7f65e93e3000 rw-p 00000000 00:00 0 
7f65e93e3000-7f65e93e7000 ---p 00000000 00:00 0 
7f65e93e7000-7f65e94e3000 rw-p 00000000 00:00 0 
7f65e94e3000-7f65e94e7000 ---p 00000000 00:00 0 
7f65e94e7000-7f65e95e3000 rw-p 00000000 00:00 0 
7f65e95e3000-7f65e95e4000 ---p 00000000 00:00 0 
7f65e95e4000-7f65e96e4000 rw-p 00000000 00:00 0 
7f65e96e4000-7f65e96e5000 ---p 00000000 00:00 0 
7f65e96e5000-7f65e97e5000 rw-p 00000000 00:00 0 
7f65e97e5000-7f65e98ff000 rw-p 00000000 00:00 0 
7f65e98ff000-7f65e9900000 ---p 00000000 00:00 0 
7f65e9900000-7f65e9a00000 rw-p 00000000 00:00 0 
7f65e9a00000-7f65ecd54000 rw-p 00000000 00:00 0 
7f65ecd54000-7f65ed7bc000 ---p 00000000 00:00 0 
7f65ed7bc000-7f65eda00000 rw-p 00000000 00:00 0 
7f65eda00000-7f65f0230000 rwxp 00000000 00:00 0 
7f65f0230000-7f65f4f37000 ---p 00000000 00:00 0 
7f65f4f37000-7f65f5217000 rwxp 00000000 00:00 0 
7f65f5217000-7f65f54c8000 ---p 00000000 00:00 0 
7f65f54c8000-7f65f6128000 rwxp 00000000 00:00 0 
7f65f6128000-7f65fca00000 ---p 00000000 00:00 0 
7f65fca00000-7f65ffef3000 r--s 00000000 00:21 16674812                   /home/thecoder/programs/android-studio/jbr/lib/modules
7f65ffefa000-7f65ffefc000 r-xp 00000000 00:21 3243383                    /usr/lib64/libnss_mdns4_minimal.so.2
7f65ffefc000-7f65ffefd000 r--p 00002000 00:21 3243383                    /usr/lib64/libnss_mdns4_minimal.so.2
7f65ffefd000-7f65ffefe000 r--p 00003000 00:21 3243383                    /usr/lib64/libnss_mdns4_minimal.so.2
7f65ffefe000-7f65ffeff000 rw-p 00000000 00:00 0 
7f65ffeff000-7f65fff00000 ---p 00000000 00:00 0 
7f65fff00000-7f6600000000 rw-p 00000000 00:00 0 
7f6600000000-7f6601b79000 rw-p 00000000 00:00 0 
7f6601b79000-7f6604000000 ---p 00000000 00:00 0 
7f6604004000-7f660400a000 r-xp 00000000 00:21 7772002                    /usr/lib64/libcap.so.2.73
7f660400a000-7f660400e000 r--p 00006000 00:21 7772002                    /usr/lib64/libcap.so.2.73
7f660400e000-7f660400f000 r--p 00009000 00:21 7772002                    /usr/lib64/libcap.so.2.73
7f660400f000-7f6604010000 rw-p 0000a000 00:21 7772002                    /usr/lib64/libcap.so.2.73
7f6604010000-7f6604017000 r--s 00000000 00:21 7843508                    /usr/lib64/gconv/gconv-modules.cache
7f6604017000-7f6604afd000 rw-p 00000000 00:00 0 
7f6604afd000-7f6604afe000 ---p 00000000 00:00 0 
7f6604afe000-7f6604bfe000 rw-p 00000000 00:00 0 
7f6604bfe000-7f6604bff000 ---p 00000000 00:00 0 
7f6604bff000-7f6604cff000 rw-p 00000000 00:00 0 
7f6604cff000-7f6604d00000 ---p 00000000 00:00 0 
7f6604d00000-7f6604e00000 rw-p 00000000 00:00 0 
7f6604e00000-7f660506b000 rw-p 00000000 00:00 0 
7f660506b000-7f66051b7000 ---p 00000000 00:00 0 
7f66051b7000-7f660546b000 rw-p 00000000 00:00 0 
7f660546b000-7f66055b7000 ---p 00000000 00:00 0 
7f66055b7000-7f6605600000 rw-p 00000000 00:00 0 
7f6605603000-7f6605606000 r--p 00000000 00:21 16674809                   /home/thecoder/programs/android-studio/jbr/lib/libmanagement_ext.so
7f6605606000-7f6605609000 r-xp 00002000 00:21 16674809                   /home/thecoder/programs/android-studio/jbr/lib/libmanagement_ext.so
7f6605609000-7f660560a000 r--p 00004000 00:21 16674809                   /home/thecoder/programs/android-studio/jbr/lib/libmanagement_ext.so
7f660560a000-7f660560b000 rw-p 00004000 00:21 16674809                   /home/thecoder/programs/android-studio/jbr/lib/libmanagement_ext.so
7f660560b000-7f660560e000 r--p 00000000 00:21 16674850                   /home/thecoder/programs/android-studio/jbr/lib/libmanagement.so
7f660560e000-7f6605610000 r-xp 00002000 00:21 16674850                   /home/thecoder/programs/android-studio/jbr/lib/libmanagement.so
7f6605610000-7f6605611000 r--p 00003000 00:21 16674850                   /home/thecoder/programs/android-studio/jbr/lib/libmanagement.so
7f6605611000-7f6605612000 rw-p 00003000 00:21 16674850                   /home/thecoder/programs/android-studio/jbr/lib/libmanagement.so
7f6605612000-7f6605618000 r--p 00000000 00:21 16674906                   /home/thecoder/programs/android-studio/jbr/lib/libverify.so
7f6605618000-7f6605621000 r-xp 00005000 00:21 16674906                   /home/thecoder/programs/android-studio/jbr/lib/libverify.so
7f6605621000-7f6605623000 r--p 0000d000 00:21 16674906                   /home/thecoder/programs/android-studio/jbr/lib/libverify.so
7f6605623000-7f6605624000 rw-p 0000e000 00:21 16674906                   /home/thecoder/programs/android-studio/jbr/lib/libverify.so
7f6605624000-7f660562f000 r--p 00000000 00:21 16674864                   /home/thecoder/programs/android-studio/jbr/lib/libnio.so
7f660562f000-7f6605638000 r-xp 0000a000 00:21 16674864                   /home/thecoder/programs/android-studio/jbr/lib/libnio.so
7f6605638000-7f6605639000 r--p 00012000 00:21 16674864                   /home/thecoder/programs/android-studio/jbr/lib/libnio.so
7f6605639000-7f660563a000 rw-p 00012000 00:21 16674864                   /home/thecoder/programs/android-studio/jbr/lib/libnio.so
7f660563a000-7f6605643000 r--p 00000000 00:21 16674845                   /home/thecoder/programs/android-studio/jbr/lib/libzip.so
7f6605643000-7f6605658000 r-xp 00008000 00:21 16674845                   /home/thecoder/programs/android-studio/jbr/lib/libzip.so
7f6605658000-7f6605659000 r--p 0001c000 00:21 16674845                   /home/thecoder/programs/android-studio/jbr/lib/libzip.so
7f6605659000-7f660565a000 rw-p 0001c000 00:21 16674845                   /home/thecoder/programs/android-studio/jbr/lib/libzip.so
7f660569b000-7f6606143000 rw-p 00000000 00:00 0 
7f6606143000-7f6606215000 ---p 00000000 00:00 0 
7f6606215000-7f6606266000 rw-p 00000000 00:00 0 
7f6606266000-7f6606304000 ---p 00000000 00:00 0 
7f6606304000-7f6606400000 rw-p 00000000 00:00 0 
7f6606400000-7f6606a1f000 r--p 00000000 00:21 16674871                   /home/thecoder/programs/android-studio/jbr/lib/server/libjvm.so
7f6606a1f000-7f66077c0000 r-xp 0061e000 00:21 16674871                   /home/thecoder/programs/android-studio/jbr/lib/server/libjvm.so
7f66077c0000-7f66078ae000 r--p 013be000 00:21 16674871                   /home/thecoder/programs/android-studio/jbr/lib/server/libjvm.so
7f66078ae000-7f66078cb000 rw-p 014ab000 00:21 16674871                   /home/thecoder/programs/android-studio/jbr/lib/server/libjvm.so
7f66078cb000-7f660795e000 rw-p 00000000 00:00 0 
7f660795e000-7f6607962000 r--p 00000000 00:21 16674911                   /home/thecoder/programs/android-studio/jbr/lib/libnet.so
7f6607962000-7f660796a000 r-xp 00003000 00:21 16674911                   /home/thecoder/programs/android-studio/jbr/lib/libnet.so
7f660796a000-7f660796b000 r--p 0000a000 00:21 16674911                   /home/thecoder/programs/android-studio/jbr/lib/libnet.so
7f660796b000-7f660796c000 rw-p 0000a000 00:21 16674911                   /home/thecoder/programs/android-studio/jbr/lib/libnet.so
7f660796c000-7f6607972000 rw-p 00000000 00:00 0 
7f6607972000-7f6607978000 ---p 00000000 00:00 0 
7f6607978000-7f6607989000 r--p 00000000 00:21 16674908                   /home/thecoder/programs/android-studio/jbr/lib/libjava.so
7f6607989000-7f6607998000 r-xp 00010000 00:21 16674908                   /home/thecoder/programs/android-studio/jbr/lib/libjava.so
7f6607998000-7f660799a000 r--p 0001e000 00:21 16674908                   /home/thecoder/programs/android-studio/jbr/lib/libjava.so
7f660799a000-7f660799c000 rw-p 0001f000 00:21 16674908                   /home/thecoder/programs/android-studio/jbr/lib/libjava.so
7f660799c000-7f66079a5000 r--p 00000000 00:21 16674839                   /home/thecoder/programs/android-studio/jbr/lib/libjimage.so
7f66079a5000-7f66079b9000 r-xp 00008000 00:21 16674839                   /home/thecoder/programs/android-studio/jbr/lib/libjimage.so
7f66079b9000-7f66079bb000 r--p 0001b000 00:21 16674839                   /home/thecoder/programs/android-studio/jbr/lib/libjimage.so
7f66079bb000-7f66079bc000 rw-p 0001c000 00:21 16674839                   /home/thecoder/programs/android-studio/jbr/lib/libjimage.so
7f66079bc000-7f66079bd000 r-xp 00000000 00:21 7771791                    /usr/lib64/librt.so.1
7f66079bd000-7f66079be000 r--p 00001000 00:21 7771791                    /usr/lib64/librt.so.1
7f66079be000-7f66079bf000 r--p 00001000 00:21 7771791                    /usr/lib64/librt.so.1
7f66079bf000-7f66079c0000 rw-p 00000000 00:00 0 
7f66079c0000-7f6607a3d000 r-xp 00000000 00:21 7771783                    /usr/lib64/libm.so.6
7f6607a3d000-7f6607aad000 r--p 0007d000 00:21 7771783                    /usr/lib64/libm.so.6
7f6607aad000-7f6607aae000 r--p 000ec000 00:21 7771783                    /usr/lib64/libm.so.6
7f6607aae000-7f6607aaf000 rw-p 000ed000 00:21 7771783                    /usr/lib64/libm.so.6
7f6607aaf000-7f6607ab1000 rw-p 00000000 00:00 0 
7f6607ab1000-7f6607ab2000 r-xp 00000000 00:21 7771789                    /usr/lib64/libpthread.so.0
7f6607ab2000-7f6607ab3000 r--p 00001000 00:21 7771789                    /usr/lib64/libpthread.so.0
7f6607ab3000-7f6607ab4000 r--p 00001000 00:21 7771789                    /usr/lib64/libpthread.so.0
7f6607ab4000-7f6607ab5000 rw-p 00000000 00:00 0 
7f6607ab5000-7f6607ab6000 r-xp 00000000 00:21 7771782                    /usr/lib64/libdl.so.2
7f6607ab6000-7f6607ab7000 r--p 00001000 00:21 7771782                    /usr/lib64/libdl.so.2
7f6607ab7000-7f6607ab8000 r--p 00001000 00:21 7771782                    /usr/lib64/libdl.so.2
7f6607ab8000-7f6607ab9000 rw-p 00000000 00:00 0 
7f6607ab9000-7f6607c27000 r-xp 00000000 00:21 7771781                    /usr/lib64/libc.so.6
7f6607c27000-7f6607c9c000 r--p 0016e000 00:21 7771781                    /usr/lib64/libc.so.6
7f6607c9c000-7f6607ca0000 r--p 001e2000 00:21 7771781                    /usr/lib64/libc.so.6
7f6607ca0000-7f6607ca2000 rw-p 001e6000 00:21 7771781                    /usr/lib64/libc.so.6
7f6607ca2000-7f6607caa000 rw-p 00000000 00:00 0 
7f6607caa000-7f6607cac000 r--p 00000000 00:21 16674849                   /home/thecoder/programs/android-studio/jbr/lib/libextnet.so
7f6607cac000-7f6607cad000 r-xp 00001000 00:21 16674849                   /home/thecoder/programs/android-studio/jbr/lib/libextnet.so
7f6607cad000-7f6607cae000 r--p 00001000 00:21 16674849                   /home/thecoder/programs/android-studio/jbr/lib/libextnet.so
7f6607cae000-7f6607caf000 rw-p 00001000 00:21 16674849                   /home/thecoder/programs/android-studio/jbr/lib/libextnet.so
7f6607caf000-7f6607cb0000 r--p 00000000 00:21 7771210                    /usr/share/locale/en_GB/LC_MESSAGES/libc.mo
7f6607cb0000-7f6607cb8000 rw-s 00000000 00:2b 63783                      /tmp/hsperfdata_thecoder/1890808
7f6607cb8000-7f6607cbc000 r--p 00000000 00:21 16674846                   /home/thecoder/programs/android-studio/jbr/lib/libinstrument.so
7f6607cbc000-7f6607cc3000 r-xp 00003000 00:21 16674846                   /home/thecoder/programs/android-studio/jbr/lib/libinstrument.so
7f6607cc3000-7f6607cc4000 r--p 00009000 00:21 16674846                   /home/thecoder/programs/android-studio/jbr/lib/libinstrument.so
7f6607cc4000-7f6607cc5000 rw-p 00009000 00:21 16674846                   /home/thecoder/programs/android-studio/jbr/lib/libinstrument.so
7f6607cc5000-7f6607cc6000 ---p 00000000 00:00 0 
7f6607cc6000-7f6607cc7000 r--p 00000000 00:00 0 
7f6607cc7000-7f6607cc8000 ---p 00000000 00:00 0 
7f6607cc8000-7f6607cd1000 r--p 00000000 00:21 16674847                   /home/thecoder/programs/android-studio/jbr/lib/libjli.so
7f6607cd1000-7f6607ce0000 r-xp 00008000 00:21 16674847                   /home/thecoder/programs/android-studio/jbr/lib/libjli.so
7f6607ce0000-7f6607ce1000 r--p 00016000 00:21 16674847                   /home/thecoder/programs/android-studio/jbr/lib/libjli.so
7f6607ce1000-7f6607ce2000 rw-p 00016000 00:21 16674847                   /home/thecoder/programs/android-studio/jbr/lib/libjli.so
7f6607ce2000-7f6607ce5000 rw-p 00000000 00:00 0 
7f6607ce5000-7f6607ce9000 r--p 00000000 00:00 0                          [vvar]
7f6607ce9000-7f6607ceb000 r--p 00000000 00:00 0                          [vvar_vclock]
7f6607ceb000-7f6607ced000 r-xp 00000000 00:00 0                          [vdso]
7f6607ced000-7f6607d17000 r-xp 00000000 00:21 7771778                    /usr/lib64/ld-linux-x86-64.so.2
7f6607d17000-7f6607d22000 r--p 0002a000 00:21 7771778                    /usr/lib64/ld-linux-x86-64.so.2
7f6607d22000-7f6607d24000 r--p 00035000 00:21 7771778                    /usr/lib64/ld-linux-x86-64.so.2
7f6607d24000-7f6607d25000 rw-p 00037000 00:21 7771778                    /usr/lib64/ld-linux-x86-64.so.2
7f6607d25000-7f6607d26000 rw-p 00000000 00:00 0 
7ffe0da10000-7ffe0da32000 rw-p 00000000 00:00 0                          [stack]
ffffffffff600000-ffffffffff601000 --xp 00000000 00:00 0                  [vsyscall]
Total number of mappings: 656

JVMTI agents:
/home/thecoder/.gradle/wrapper/dists/gradle-9.5.0-bin/bvnork1r7n8i6kp5cnkibsc9q/gradle-9.5.0/lib/agents/gradle-instrumentation-agent-9.5.0.jar path:none, loaded, initialized, instrumentlib options:none


VM Arguments:
jvm_args: --add-opens=java.base/java.lang=ALL-UNNAMED --add-opens=java.base/java.lang.invoke=ALL-UNNAMED --add-opens=java.base/java.util=ALL-UNNAMED --add-opens=java.prefs/java.util.prefs=ALL-UNNAMED --add-exports=jdk.compiler/com.sun.tools.javac.api=ALL-UNNAMED --add-exports=jdk.compiler/com.sun.tools.javac.util=ALL-UNNAMED --add-opens=java.base/java.nio.charset=ALL-UNNAMED --add-opens=java.base/java.net=ALL-UNNAMED --add-opens=java.base/java.util.concurrent=ALL-UNNAMED --add-opens=java.base/java.util.concurrent.atomic=ALL-UNNAMED --add-opens=java.xml/javax.xml.namespace=ALL-UNNAMED --add-opens=java.base/java.time=ALL-UNNAMED --enable-native-access=ALL-UNNAMED -Xmx2048m -Dfile.encoding=UTF-8 -Duser.country=GB -Duser.language=en -Duser.variant -javaagent:/home/thecoder/.gradle/wrapper/dists/gradle-9.5.0-bin/bvnork1r7n8i6kp5cnkibsc9q/gradle-9.5.0/lib/agents/gradle-instrumentation-agent-9.5.0.jar -Dawt.toolkit.name=XToolkit 
java_command: org.gradle.launcher.daemon.bootstrap.GradleDaemon 9.5.0
java_class_path (initial): /home/thecoder/.gradle/wrapper/dists/gradle-9.5.0-bin/bvnork1r7n8i6kp5cnkibsc9q/gradle-9.5.0/lib/gradle-daemon-main-9.5.0.jar
Launcher Type: SUN_STANDARD

[Global flags]
     intx CICompilerCount                          = 4                                         {product} {ergonomic}
     uint ConcGCThreads                            = 3                                         {product} {ergonomic}
     uint G1ConcRefinementThreads                  = 10                                        {product} {ergonomic}
   size_t G1HeapRegionSize                         = 1048576                                   {product} {ergonomic}
   size_t InitialHeapSize                          = 121634816                                 {product} {ergonomic}
   size_t MarkStackSize                            = 4194304                                   {product} {ergonomic}
   size_t MarkStackSizeMax                         = 536870912                                 {product} {ergonomic}
   size_t MaxHeapSize                              = 2147483648                                {product} {command line}
   size_t MaxNewSize                               = 1287651328                                {product} {ergonomic}
   size_t MinHeapDeltaBytes                        = 1048576                                   {product} {ergonomic}
   size_t MinHeapSize                              = 8388608                                   {product} {ergonomic}
    uintx NonNMethodCodeHeapSize                   = 5836800                                {pd product} {ergonomic}
    uintx NonProfiledCodeHeapSize                  = 122912768                              {pd product} {ergonomic}
    uintx ProfiledCodeHeapSize                     = 122908672                              {pd product} {ergonomic}
    uintx ReservedCodeCacheSize                    = 251658240                              {pd product} {ergonomic}
     bool SegmentedCodeCache                       = true                                      {product} {ergonomic}
   size_t SoftMaxHeapSize                          = 2147483648                             {manageable} {ergonomic}
     bool UseCompressedOops                        = true                           {product lp64_product} {ergonomic}
     bool UseG1GC                                  = true                                      {product} {ergonomic}

Logging:
Log output configuration:
 #0: stdout all=warning uptime,level,tags foldmultilines=false
 #1: stderr all=off uptime,level,tags foldmultilines=false

Release file:
JAVA_VERSION="25.0.2"
MODULES="java.base java.compiler java.datatransfer java.xml java.prefs java.desktop java.instrument java.logging java.management java.security.sasl java.naming java.rmi java.management.rmi java.net.http java.scripting java.security.jgss java.transaction.xa java.sql java.sql.rowset java.xml.crypto java.se java.smartcardio jdk.accessibility jdk.internal.jvmstat jdk.attach jdk.charsets jdk.internal.opt jdk.zipfs jdk.compiler jdk.crypto.cryptoki jdk.crypto.ec jdk.dynalink jdk.hotspot.agent jdk.httpserver jdk.internal.ed jdk.internal.le jdk.internal.md jdk.internal.vm.ci jdk.jartool jdk.javadoc jdk.jcmd jdk.jdeps jdk.jdwp.agent jdk.jdi jdk.jfr jdk.jlink jdk.localedata jdk.management jdk.management.agent jdk.management.jfr jdk.naming.dns jdk.naming.rmi jdk.net jdk.sctp jdk.security.auth jdk.security.jgss jdk.unsupported jdk.unsupported.desktop jdk.xml.dom"
IMPLEMENTOR="JetBrains s.r.o."
JAVA_RUNTIME_VERSION="25.0.2+-15348964-b329.117"
LIBC="gnu"
OS_ARCH="x86_64"
OS_NAME="Linux"
SOURCE=".:git:3cf398e84a39"

Environment Variables:
PATH=/usr/share/Modules/bin:/usr/lib64/ccache:/usr/local/bin:/usr/bin:/usr/sbin:/home/thecoder/.dotnet/tools:/var/lib/snapd/snap/bin
SHELL=/usr/bin/zsh
DISPLAY=:0
WAYLAND_DISPLAY=wayland-1
LANG=en_GB.UTF-8
TERM=linux

Active Locale:
LC_ALL=en_GB.UTF-8
LC_COLLATE=en_GB.UTF-8
LC_CTYPE=en_GB.UTF-8
LC_MESSAGES=en_GB.UTF-8
LC_MONETARY=en_GB.UTF-8
LC_NUMERIC=en_GB.UTF-8
LC_TIME=en_GB.UTF-8

Signal Handlers:
   SIGSEGV: crash_handler in libjvm.so, mask=11100100010111111101111111111110, flags=SA_RESTART|SA_SIGINFO, unblocked
    SIGBUS: crash_handler in libjvm.so, mask=11100100010111111101111111111110, flags=SA_RESTART|SA_SIGINFO, unblocked
    SIGFPE: crash_handler in libjvm.so, mask=11100100010111111101111111111110, flags=SA_RESTART|SA_SIGINFO, unblocked
   SIGPIPE: javaSignalHandler in libjvm.so, mask=11100100010111111101111111111110, flags=SA_RESTART|SA_SIGINFO, unblocked
   SIGXFSZ: javaSignalHandler in libjvm.so, mask=11100100010111111101111111111110, flags=SA_RESTART|SA_SIGINFO, unblocked
    SIGILL: crash_handler in libjvm.so, mask=11100100010111111101111111111110, flags=SA_RESTART|SA_SIGINFO, unblocked
   SIGUSR2: SR_handler in libjvm.so, mask=00000000000000000000000000000000, flags=SA_RESTART|SA_SIGINFO, unblocked
    SIGHUP: UserHandler in libjvm.so, mask=11100100010111111101111111111110, flags=SA_RESTART|SA_SIGINFO, unblocked
    SIGINT: UserHandler in libjvm.so, mask=11100100010111111101111111111110, flags=SA_RESTART|SA_SIGINFO, unblocked
   SIGTERM: UserHandler in libjvm.so, mask=11100100010111111101111111111110, flags=SA_RESTART|SA_SIGINFO, unblocked
   SIGQUIT: UserHandler in libjvm.so, mask=11100100010111111101111111111110, flags=SA_RESTART|SA_SIGINFO, blocked
   SIGTRAP: crash_handler in libjvm.so, mask=11100100010111111101111111111110, flags=SA_RESTART|SA_SIGINFO, unblocked


Compilation memory statistics disabled.

Periodic native trim disabled

JNI global refs:
JNI global refs: 26, weak refs: 682

JNI global refs memory usage: 859, weak refs: 7873

Process memory usage:
Resident Set Size: 1794376K (23% of 7477600K total physical memory with 593616K free physical memory)

OOME stack traces (most recent first):
Classloader memory used:
Loader org.gradle.internal.classloader.VisitableURLClassLoader                         : 120 M
Loader org.gradle.internal.classloader.VisitableURLClassLoader$InstrumentingVisitableURLClassLoader: 62387 K
Loader bootstrap                                                                       : 37580 K
Loader org.gradle.initialization.MixInLegacyTypesClassLoader                           : 17767 K
Loader org.gradle.internal.classloader.VisitableURLClassLoader                         : 8534 K
Loader jdk.internal.loader.ClassLoaders$AppClassLoader                                 : 7933 K
Loader java.net.URLClassLoader                                                         : 5215 K
Loader jdk.internal.loader.ClassLoaders$PlatformClassLoader                            : 607 K
Loader jdk.internal.jrtfs.JrtFileSystemProvider$JrtFsLoader                            : 326 K
Loader org.gradle.groovy.scripts.internal.DefaultScriptCompilationHandler$ScriptClassLoader: 199 K
Loader sun.reflect.misc.MethodUtil                                                     : 2968 B


[error occurred during error reporting (Classloader stats), id 0xe0000001, Out of Memory Error (src/hotspot/share/memory/allocation.cpp:42)]
---------------  S Y S T E M  ---------------

OS:
Fedora release 42 (Adams)
uname: Linux 6.19.14-108.fc42.x86_64 #1 SMP PREEMPT_DYNAMIC Thu May 21 18:06:59 UTC 2026 x86_64
OS uptime: 3 days 7:25 hours
libc: glibc 2.41 NPTL 2.41 
rlimit (soft/hard): STACK 8192k/infinity , CORE infinity/infinity , NPROC 28880/28880 , NOFILE 1048576/1048576 , AS infinity/infinity , CPU infinity/infinity , DATA infinity/infinity , FSIZE infinity/infinity , MEMLOCK 8192k/8192k
load average: 18.57 8.78 4.94

/proc/meminfo:
MemTotal:        7477600 kB
MemFree:          195940 kB
MemAvailable:     595140 kB
Buffers:             332 kB
Cached:           636892 kB
SwapCached:        28916 kB
Active:          3278808 kB
Inactive:        1231868 kB
Active(anon):    2832976 kB
Inactive(anon):  1043836 kB
Active(file):     445832 kB
Inactive(file):   188032 kB
Unevictable:        6008 kB
Mlocked:            6008 kB
SwapTotal:      23343096 kB
SwapFree:       17390164 kB
Zswap:                 0 kB
Zswapped:              0 kB
Dirty:              6988 kB
Writeback:             0 kB
AnonPages:       3878728 kB
Mapped:           291204 kB
Shmem:             80140 kB
KReclaimable:     125660 kB
Slab:             456824 kB
SReclaimable:     125660 kB
SUnreclaim:       331164 kB
KernelStack:       34768 kB
PageTables:       101060 kB
SecPageTables:      3504 kB
NFS_Unstable:          0 kB
Bounce:                0 kB
WritebackTmp:          0 kB
CommitLimit:    30072936 kB
Committed_AS:   29937684 kB
VmallocTotal:   34359738367 kB
VmallocUsed:      211432 kB
VmallocChunk:          0 kB
Percpu:            14496 kB
HardwareCorrupted:     0 kB
AnonHugePages:         0 kB
ShmemHugePages:        0 kB
ShmemPmdMapped:        0 kB
FileHugePages:         0 kB
FilePmdMapped:         0 kB
CmaTotal:              0 kB
CmaFree:               0 kB
Unaccepted:            0 kB
Balloon:               0 kB
HugePages_Total:       0
HugePages_Free:        0
HugePages_Rsvd:        0
HugePages_Surp:        0
Hugepagesize:       2048 kB
Hugetlb:               0 kB
DirectMap4k:     5680316 kB
DirectMap2M:     2062336 kB
DirectMap1G:     1048576 kB

/sys/kernel/mm/transparent_hugepage/enabled: always [madvise] never
/sys/kernel/mm/transparent_hugepage/hpage_pmd_size: 2097152
/sys/kernel/mm/transparent_hugepage/shmem_enabled: always within_size advise [never] deny force
/sys/kernel/mm/transparent_hugepage/defrag (defrag/compaction efforts parameter): always defer defer+madvise [madvise] never

Process Memory:
Virtual Size: 10468328K (peak: 10600528K)
Resident Set Size: 1794148K (peak: 1810640K) (anon: 1780896K, file: 13240K, shmem: 12K)
Swapped out: 214316K
C-Heap outstanding allocations: 242865K, retained: 83698K
glibc malloc tunables: (default)

/proc/sys/kernel/threads-max (system-wide limit on the number of threads): 57760
/proc/sys/vm/max_map_count (maximum number of memory map areas a process may have): 1048576
/proc/sys/vm/swappiness (control to define how aggressively the kernel swaps out anonymous memory): 10
/proc/sys/kernel/pid_max (system-wide limit on number of process identifiers): 4194304

container information not found.
Steal ticks since vm start: 0
Steal ticks percentage since vm start:  0.000

CPU: total 12 (initial active 12) (12 cores per cpu, 2 threads per core) family 23 model 104 stepping 1 microcode 0x8608108, cx8, cmov, fxsr, ht, mmx, 3dnowpref, sse, sse2, sse3, ssse3, sse4a, sse4.1, sse4.2, popcnt, lzcnt, tsc, tscinvbit, avx, avx2, aes, clmul, bmi1, bmi2, adx, sha, fma, vzeroupper, clflush, clflushopt, clwb, rdtscp, rdpid, f16c
CPU Model and flags from /proc/cpuinfo:
model name	: AMD Ryzen 5 5500U with Radeon Graphics
flags		: fpu vme de pse tsc msr pae mce cx8 apic sep mtrr pge mca cmov pat pse36 clflush mmx fxsr sse sse2 ht syscall nx mmxext fxsr_opt pdpe1gb rdtscp lm constant_tsc rep_good nopl xtopology nonstop_tsc cpuid extd_apicid aperfmperf rapl pni pclmulqdq monitor ssse3 fma cx16 sse4_1 sse4_2 movbe popcnt aes xsave avx f16c rdrand lahf_lm cmp_legacy svm extapic cr8_legacy abm sse4a misalignsse 3dnowprefetch osvw ibs skinit wdt tce topoext perfctr_core perfctr_nb bpext perfctr_llc mwaitx cpb cat_l3 cdp_l3 hw_pstate ssbd mba ibrs ibpb stibp vmmcall fsgsbase bmi1 avx2 smep bmi2 cqm rdt_a rdseed adx smap clflushopt clwb sha_ni xsaveopt xsavec xgetbv1 cqm_llc cqm_occup_llc cqm_mbm_total cqm_mbm_local clzero irperf xsaveerptr rdpru wbnoinvd cppc arat npt lbrv svm_lock nrip_save tsc_scale vmcb_clean flushbyasid decodeassists pausefilter pfthreshold avic v_vmsave_vmload vgif v_spec_ctrl umip rdpid overflow_recov succor smca

Online cpus: 0-11
Offline cpus: 
BIOS frequency limitation: <Not Available>
Frequency switch latency (ns): 0
Available cpu frequencies: <Not Available>
Current governor: powersave
Core performance/turbo boost: 1

Memory: 4k page, physical 7477600k(595728k free), swap 23343096k(17390296k free)
Page Sizes: 4k

vm_info: OpenJDK 64-Bit Server VM (25.0.2+-15348964-b329.117) for linux-amd64 JRE (25.0.2+-15348964-b329.117), built on 2026-05-05T19:01:01Z with clang Android (14488419, +pgo, +bolt, +lto, +mlgo, based on r584948) Clang 22.0.0 (https://android.googlesource.com/toolchain/llvm-project 2d65e4108033380e6fe8e08b1f1826cd2bfb0c99)

END.
